domain,url_count,unique_url_count,percentage_of_total,first_seen,last_seen,primary_senders,category_suggestion,sample_urls
humbledollar.com,114,16,4.139433551198257,,,,unknown,"https://humbledollar.com?endpoint=3Dtrack&action=3Dclic%3D, https://humbledollar.com?endpoint=3Dtrack&action=3Dcl%3D, https://humbledollar.com?endpoint=3Dtrack%3D, https://humbledollar.com?endpoint=3Dtrack&action=3Dcli%3D, https://humbledollar.com/voices/would-you-risk-your-own-finances-to-help-yo="
www.loom.com,102,84,3.7037037037037033,,,,unknown,"https://www.loom.com?p=eyJzIjoiQ0p3Z2Fqb2swNHNYcHlsUS0tektqMnRsYVpRIiwidiI6MSwicCI6IntcInVcIjozMDc3MzIxNSxcInZcIjoxLFwidXJsXCI6XCJodHRwczpcXFwvXFxcL3d3dy5sb29tLmNvbVxcXC9zaGFyZVxcXC8wZmQ2YTU0Y2U5ZDA0ZDU3YWYxN2UxNzZjODVhYzczND9zb3VyY2VfZW1haWw9bG9vbS12aWRlby1maXJzdC12aWV3LXVwZGF0ZWRcIixcImlkXCI6XCI5MDY0ZmQ0ZGE2YWM0NDY5OTkxMTlhMzliOGEzODE5OVwiLFwidXJsX2lkc1wiOltcIjhkMWUzYzVjNGQyOTM0OGJkMjIyMzcxMmExOWM5ZmFjY2M5OTU1NzRcIl19In0, https://www.loom.com/share/b2cd360dd8f4426d946f1fd08093a751=0A=0A, https://www.loom.com/share/ebdbd0edbdbe409cb9bac81f0fe62229, https://www.loom.com/share/56119d443ffe43ab8f85287b4a6a0ff0, https://www.loom.com/share/6b38ac753ddd45f79ca2322a989a3218"
schema.org,88,33,3.195352214960058,,,,unknown,"http://schema.org/Organization, http://schema.org/Rs=, http://schema.org/RsvpAt=, http://schema.org/HttpRequestMethod/GET, http://schema.org/HttpActionH="
www.w3.org,85,10,3.0864197530864197,,,,unknown,"http://www.w3.org/TR/REC-html40, http://www.w3.org/TR/xhtml1/DTD/xhtml1-transitional.dtd, https://www.w3.org/TR/xhtml1/DTD/xhtml1-transitional.dtd, https://www.w3.org/1999/xhtml, https://www.w3.org/TR/REC-html="
section4.lt.acemlna.com,63,63,2.287581699346405,,,,unknown,"https://section4.lt.acemlna.com/Prod/link-tracker?redirectUrl=aHR0cHMlM0ElMkYlMkZ3d3cuZmFjZWJvb2suY29tJTJGc2hhcmVyJTJGc2hhcmVyLnBocCUzRnUlM0RodHRwcyUyNTNBJTI1MkYlMjUyRnd3dy5wcm9mZ2FsbG93YXkuY29tJTI1MkZhLXVuaWZ5aW5nLXRoZW9yeS1vZi1ldmVyeXRoaW5n&a=224126003&account=section4.activehosted.com&email=2mKAbO5sD%2FHMKnB28cyXw%2B%2FsXcAXxHIDWq7%2B9ws%2F4%2BA%3D&s=e59751a47306668d343733e63cd99b32&i=985A1114A2A27929, https://section4.lt.acemlna.com/Prod/link-tracker?redirectUrl=aHR0cCUzQSUyRiUyRnd3dy5saW5rZWRpbi5jb20lMkZzaGFyZUFydGljbGUlM0ZtaW5pJTNEdHJ1ZSUyNnVybCUzRCUyNnRpdGxlJTNETm8lMjUyME1lcmN5JTI1MjAlMjUyRiUyNTIwTm8lMjUyME1hbGljZSUyNTNBJTI1MjBTdXBlci1BcHA%3D&sig=2fLu1a1ER3XztpiomkzvXqCQzCRTFaHAwEMpvAAfu96Z&iat=1638557935&a=%7C%7C224126003%7C%7C&account=section4.activehosted.com&email=2mKAbO5sD%2FHMKnB28cyXw%2B%2FsXcAXxHIDWq7%2B9ws%2F4%2BA%3D&s=e59751a47306668d343733e63cd99b32&i=2334A2593A2A43131, https://section4.lt.acemlna.com/Prod/link-tracker?redirectUrl=aHR0cHMlM0ElMkYlMkZ0d2l0dGVyLmNvbSUyRmludGVudCUyRnR3ZWV0JTNGdXJsJTNEJTI2dGV4dCUzRE5vJTI1MjBNZXJjeSUyNTIwJTI1MkYlMjUyME5vJTI1MjBNYWxpY2UlMjUzQSUyNTIwV01Ecw%3D%3D&sig=C5wDdWdM8ayeYgnhP1wp3vjp55wGaUkGjZiWSM2hEh8C&iat=1651856184&a=%7C%7C224126003%7C%7C&account=section4.activehosted.com&email=2mKAbO5sD%2FHMKnB28cyXw%2B%2FsXcAXxHIDWq7%2B9ws%2F4%2BA%3D&s=e59751a47306668d343733e63cd99b32&i=3556A3950A2A60066, https://section4.lt.acemlna.com/Prod/link-tracker?redirectUrl=aHR0cHMlM0ElMkYlMkZ0d2l0dGVyLmNvbSUyRmludGVudCUyRnR3ZWV0JTNGdXJsJTNEJTI2dGV4dCUzRE5vJTI1MjBNZXJjeSUyNTIwJTI1MkYlMjUyME5vJTI1MjBNYWxpY2UlMjUzQSUyNTIwRmFjZWJvb2slMkIlMjVFMiUyNTgwJTI1QTYlMkJXaGF0JTJCdG8lMkJEbyUyNTNG&sig=8PjEK915axws74g21wtfj8E8PVgYiz5UyvynSQvb2cnr&iat=1636136505&a=%7C%7C224126003%7C%7C&account=section4.activehosted.com&email=2mKAbO5sD%2FHMKnB28cyXw%2B%2FsXcAXxHIDWq7%2B9ws%2F4%2BA%3D&s=e59751a47306668d343733e63cd99b32&i=2179A2410A2A41446, https://section4.lt.acemlna.com/Prod/link-tracker?redirectUrl=aHR0cHMlM0ElMkYlMkZ3d3cuc2VjdGlvbjQuY29tJTJGY291cnNlcyUyRnByb2R1Y3QlMkZwcm9kdWN0LXN0cmF0ZWd5LXNwcmludCUzRnV0bV9zb3VyY2UlM0RlbWFpbCUyNnV0bV9tZWRpdW0lM0RjYXRhbG9nJTI2dXRtX2NhbXBhaWduJTNEMDQxOV9ubW5t&sig=EPrDWEfConU8xcznpgtNDP2ePNsrmz2G44dnkJ7P4Wfb&iat=1650377019&a=%7C%7C224126003%7C%7C&account=section4.activehosted.com&email=2mKAbO5sD%2FHMKnB28cyXw%2B%2FsXcAXxHIDWq7%2B9ws%2F4%2BA%3D&s=e59751a47306668d343733e63cd99b32&i=3427A3807A2A58202"
calendly.com,49,45,1.7792302106027595,,,,unknown,"https://calendly.com/robert-bituin/mvp-discussion-with-robert-from-mvp-dev, https://calendly.com/zubairlk/30-min-intro, https://calendly.com/reschedulings/DLDJYD6KTB=, https://calendly.com/slickrock-15/15min, https://calendly.com/cancellations/AKEREBPHX5UFE6OG"
coachingnocodeapps.wufoo.com,47,13,1.7066085693536674,,,,unknown,"https://coachingnocodeapps.wufoo.com/forms/m1=, https://coachingnocodeapps.wufoo.com/forms/z18k6uft0grqxr8/, https://coachingnocodeapps.wufoo.com/forms/z1pok34v1=, https://coachingnocodeapps.wufoo.com/forms/kwr2dv81f778su/=, https://coachingnocodeapps.wufoo.com/forms/z1pok34v1ruqrqe"
www.strategyzer.com,38,34,1.3798111837327522,,,,unknown,"https://www.strategyzer.com/e2t/sc2/MmZ-8ykzq0xW64=, https://www.strategyzer.com/e2t/sc2/MmZ-8yjPhTrW5Zm8Pg7hGGY0W7SlmW-8B9HdGV_t3gg4Q=, https://www.strategyzer.com/e2t/=, https://www.strategyzer.com/e2t/sc2/MmZ-8ykzq0xW64KLRz4L-LgjW8YvLqj5t9m5lW=, https://www.strategyzer.com/e2t/sc2/MmZ-8ykzq0xW64KLRz4L-LgjW8YvL="
www.facebook.com,36,27,1.3071895424836601,,,,social_media,"https://www.facebook.com/groups/2454945414555490/, http://www.facebook.com/thegatheringspots), https://www.facebook.com/sha=, https://www.facebook.com/founderinstitute, https://www.facebook.com/groups/2454945414555490/permalink/3177507582299266/"
mailchi.us3.list-manage.com,35,21,1.270878721859114,,,,unknown,"https://mailchi.us3.list-manage.com/pro=, https://mailchi.us3.list-manage.com/track/click=, https://mailchi.us3.list-manage.com/track/click?u=3D38%3D, https://mailchi.us3.list-manage.com/track/click?u=3D383aaca5ff52%3D, https://mailchi.us3.list-manage.com/track/clic="
section4.acemlna.com,34,34,1.2345679012345678,,,,unknown,"https://section4.acemlna.com/lt.php?s=e59751a47306668d343733e63cd99b32&i=268A368A2A5761, http://section4.acemlna.com/proc.php?nl=2&c=171&m=230&s=e59751a47306668d343733e63cd99b32&act=unsub, http://section4.acemlna.com/proc.php?nl=2&c=247&m=345&s=e59751a47306668d343733e63cd99b32&act=unsub, https://section4.acemlna.com/lt.php?s=e59751a47306668d343733e63cd99b32&i=229A313A2A4824, https://section4.acemlna.com/lt.php?s=e59751a47306668d343733e63cd99b32&i=138A187A2A2607"
link.mail.bloombergbusiness.com,32,23,1.1619462599854757,,,,news_media,"https://link.mail.bloombergbusiness.com/click/5=, https://link.mail.bloombergbusiness.com/click/5eda43a4f2=, https://link.mail.bloombergbusiness.com/img/5ecd2=, https://link.mail.bloombergbusiness.com/click/5eda43a4=, https://link.mail.bloombergbusiness.com/click/5ed108078c970a="
info.blackswanltd.com,32,26,1.1619462599854757,,,,unknown,"https://info.blackswanltd.com/e2t/sc2/MmZ-8yk7s3hW71S=, https://info.blackswanltd.com/e2t/sc2/Mm-nFbkHBJMW6vWx3f5D2rPsW7Xd=, https://info.blackswanltd.com/e2t/sc2/Mm-nFbkHBJMW6vWx3f5D2rPsW7X=, https://info.blackswanltd.com/e2t/sc2/Mm-nFbkJRgYW6lY=, https://info.blackswanltd.com/hs/manage="
links.fbztrk.com,31,31,1.1256354393609296,,,,unknown,"https://links.fbztrk.com/c/cP3/6k-/QHA0HcbZyIjP38LBdqA=, https://links.fbztrk.com/c/cP3/2Qs/1NKQwKsthb86usp5PRuh_y/Fa/cxI=, https://links.fbztrk.com/c/cP3/6k1/QHA0HcbZ=, https://links.fbztrk.com/c/cP3/2Q5/1NKQwKst=, https://links.fbztrk.com/c/cP3/2QB/1NKQwKsthb86usp5PRuh_y/Fa/cxIp/F/7b70bfc="
www.google.com,30,29,1.0893246187363834,,,,unknown,"https://www.google.com/calendar/event?action=3DRESPOND, https://www.google.com/calendar/, https://www.google.com/url?q=3Dhttps%3A%2F%2Fcalendly.com%2Freschedulings%2FAK%3D, https://www.google.com/calendar/=, https://www.google.com/url?q=3Dhttps%3A%2F%2Fus02web.zoom.us%2Fj%2F8%3D"
twitter.com,29,19,1.0530137981118373,,,,social_media,"https://twitter.com/intent/tweet?url=3Dhttps%3A%2F%2Ftwitter.%3D, https://twitter.com/Slidebean, https://twitter.com/EpsilonTheory=0D, https://twitter.com/gtalumni, https://twitter.com/intent/tweet?text=3DNextDraft%3A+Di%3D"
bts.thinkific.com,27,27,0.9803921568627451,,,,unknown,"https://bts.thinkific.com/courses/take/office-hour-recordings/texts/12792086-thursday-may-14th, https://bts.thinkific.com/courses/take/office-hour-recordings/texts/13228859-thursday-may-28th, https://bts.thinkific.com/courses/take/office-hour-recordings/texts/13777870-tuesday-june-16th, https://bts.thinkific.com/courses/take/built-=, https://bts.thinkific.com/courses/take/office-ho="
calendar.google.com,27,16,0.9803921568627451,,,,unknown,"https://calendar.google.com/calen=, https://calendar.google.com/calendar/, https://calendar.google.com/calendar/event?action=VIEW, https://calendar.google.com/calendar/event?action=3DVIE%3D, https://calendar.google.com/calendar/event?action=3DVIEW&eid=3DNzR1Y%3D"
click.convertkit-mail4.com,27,27,0.9803921568627451,,,,unknown,"https://click.convertkit-mail4.com/5qu0dpql5lt7hvpqnvmb7/owhkhqh49863ewfv/a=, https://click.convertkit-mail4.com/5qu0dpql5lt7hvpqnvmb7/08hwh9hme79o0dhl/a=, https://click.convertkit-mail4.com/5qu0dpql5lt7hvpqnvmb7/e0hph7hkvnl9x6t8/a=, https://click.convertkit-mail4.com/5qu0dpql5lt7hvpqnvmb7/p8heh9h9672kexbq/a=, https://click.convertkit-mail4.com/5qu0dpql5lt7hvpqnvmb7/6qheh8hpr25v4xso/a="
s3.amazonaws.com,25,9,0.907770515613653,,,,ecommerce,"https://s3.amazonaws.com/slideshare-email-assets/framework/email-body-b=, https://s3.amazonaws.com/slideshare-=, https://s3.amazonaws.com/slideshare-email-assets/framework/emai=, https://s3.amazonaws.com/slideshare-ema=, https://s3.amazonaws.com/samcart-foun="
click.fourhourmail.com,25,25,0.907770515613653,,,,unknown,"https://click.fourhourmail.com/5qud3zmq3qu7h3m763al/n2hohvhod97pl8u6/aHR0cH=, https://click.fourhourmail.com/5qud3zmq3qu7h3m763al/7qh7h8h4g2n7n3cz/aHR0cH=, https://click.fourhourmail.com/5qud3zmq3qu7h3m763al/wnh2hghoz20pl4f7/aHR0cH=, https://click.fourhourmail.com/5qud3zmq3qu7h3m763al/6qheh8h2q89g9gio/aHR0cH=, https://click.fourhourmail.com/5qud3zmq3qu7h3m763al/g3hnh5hzv8q5q2fr/aHR0cH="
url6878.bubble.io,24,16,0.8714596949891068,,,,unknown,"http://url6878.bubble.io/ls/click?upn=3DxH7MOmXPF0zTxC4eIi-2FUT2ZT58Y5o-2%3D, http://url6878.bubble.io/wf/open?upn=3DYN-2F7clOySJiu8Mopw2%3D, http://url6878.bubble.io/wf/open?upn=3DYSbL-2FjzpwbtZDmi1RI%3D, http://url6878.bubble.io/ls/click?upn=3DxH7MOmXP%3D, http://url6878.bubble.io/ls/click?upn=3DxH7MOmXPF0zTxC4e%3D"
graphitefinancial.com,24,18,0.8714596949891068,,,,unknown,"https://graphitefinancial.com/startup-pitch/), https://graphitefinancial.com/saas-financial-modeling-workshop-20-july-202=, https://graphitefinancial.com/open-source-finan=, https://graphitefinancial.com/startup-pitch/, https://graphitefinancial.com/demo-days/)"
email.mg2.substack.com,23,23,0.8351488743645605,,,,blog_platform,"https://email.mg2.substack.com/c/eJwlUEuOwyAMPU=, https://email.mg2.substack.com/c/eJwlkE1ywyAMhU8Tlh6M=, https://email.mg2.substack.com/c/eJwlkU2O7CAMhE_T7CYC55cFi9m8a0SATcJ=, https://email.mg2.substack.com/c/eJwtUMtuxCAM_Jrl1ghMQsiBQy_9DcTD2d=, https://email.mg2.substack.com/c="
www.gorick.com,23,17,0.8351488743645605,,,,unknown,"https://www.gorick.com/blog/workplace-jargon-dictionary#profit-and-loss-pandl), https://www.gorick.com/early-career-success-mas=, https://www.gorick.com/bl=, https://www.gorick.com/flashcards)**_**:**, https://www.gorick.com/unspokenrules)__,"
www.linkedin.com,22,17,0.7988380537400145,,,,career,"https://www.linkedin.com/compa=, https://www.linkedin.com/groups/2777/=20, https://www.linkedin.com/posts/s-berezin_llm-aialignment-aisecu=, https://www.linkedin.com/company/11822151/admin/), https://www.linkedin.com/pulse/scien="
stripe-images.s3.amazonaws.com,20,13,0.7262164124909223,,,,ecommerce,"https://stripe-images.s3.amazonaws.com/emails/=, https://stripe-images.s3.amazonaws.com/emails/receipt_assets/card/visa-dark@2x.png, https://stripe-images.s3.amazonaws.com/notifications/hosted/20180110/Header/Right.png, https://stripe-images.s3.amazonaws.com/emails/invoices_arro=, https://stripe-images.s3.amazonaws.com/notifications/hosted/20180110/Header/Left.png')"
www.=,20,2,0.7262164124909223,,,,unknown,"http://www.=, https://www.="
zoom.us,20,4,0.7262164124909223,,,,unknown,"https://zoom.us/j/6250406044, https://zoom.us/j/6250406=, https://zoom.us/j/6250406044=0A, https://zoom.us/j/6250406044=0A=0ALearn"
linkmktg.cutimes.com,19,19,0.6899055918663761,,,,news_media,"https://linkmktg.cutimes.com/click/20927536.3277/aHR0cHM6Ly93d3cu=, https://linkmktg.cutimes.com/click/20927536.3277/aHR0cH=, https://linkmktg.cutimes.com/click/20927536.3277/aHR0cDovL2N1=, https://linkmktg.cutimes.com/click/20927536.3277/aH=, https://linkmktg.cutimes.com/click/20927536.327="
www.slideshare.net,18,10,0.6535947712418301,,,,unknown,"http://www.slideshare.net/na=, https://www.slideshare.net/dm=, http://www.slideshare.net/Da=, http://www.slideshare.net/who-to-follow-on-slideshare?contactee=3D%3D, https://www.slideshare.net/na="
zeroqode.com,18,4,0.6535947712418301,,,,unknown,"https://zeroqode.com/plugins/, https://zeroqode.com/, https://zeroqode.com/courses, https://zeroqode.com/native"
coachingnocodeapps.acemlna.com,16,15,0.5809731299927379,,,,unknown,"http://coachingnocodeapps.acemlna.com/proc.php?nl=3D4&c=3D191%3D, http://coachingnocodeapps.acemlna.com/pr=, https://coachingnocodeapps.acemlna.com/lt.php?nl=3D4&c=3D204&m=3D2%3D, https://coachingnocodeapps.acemlna.com/lt.php?nl=3D4&c=3D194&m=3D224, https://coachingnocodeapps.acemlna.com/lt.php?s=3Decc5188029db0fdd09fbe%3D"
el2.convertkit-mail4.com,16,16,0.5809731299927379,,,,unknown,"https://el2.convertkit-mail4.com/c/xmu37448ms6hxm0z8s6/8ghqhoh54l7xmd/aHR0c=, https://el2.convertkit-mail4.com/c/xmu37448ms6hxm0z8s6/9qhzhnh27pelop/aHR0c=, https://el2.convertkit-mail4.com/c/xmu37448ms6hxm0z8s6/reh8hoh580oegk/aHR0c=, https://el2.convertkit-mail4.com/c/xmu37448ms6hxm0z8s6/vqh3hrhk5pqdzr/aHR0c=, https://el2.convertkit-mail4.com/c/xmu37448ms6hxm0z8s6/m2h7h5hnr8l7d6/aHR0c="
coachingnocodeapps.com,15,12,0.5446623093681917,,,,unknown,"https://coachingnocodeapps.com/services=0A, https://coachingnocodeapps.com/built-to-scale=0A, https://coachingnocodeapps.com/free-training=, https://coachingnocodeapps.com/built-to-scale, https://coachingnocodeapps.com/built-to-scale=0A=0A"
eventing.coursera.org,15,15,0.5446623093681917,,,,educational,"https://eventing.coursera.org/redirectSigned/eyJ=, https://eventing.coursera.org/redirectSigned/ey=, https://eventing.coursera.org/red=, https://eventing.coursera.org/redirectSigned/eyJrZXkiOi=, https://eventing.coursera.org/redirectSigned/eyJrZXkiOiJlbWFpbC5saW5="
urldefense.com,15,15,0.5446623093681917,,,,unknown,"https://urldefense.com/v3/__https:/global.gotowebinar.com/join=, https://urldefense.com/v3/__https:/global.gotowebinar.com/icsCal=, https://urldefense.com/v3/__https:/glo=, https://urldefense.com/v3/__https:/global.gotowebina=, https://urldefense.com/="
=,14,2,0.5083514887436456,,,,unknown,"https://=, http://="
section4.activehosted.com,14,14,0.5083514887436456,,,,unknown,"http://section4.activehosted.com/proc.php?nl=2&amp%3Bc=595&amp%3Bm=705&amp%3Bs=e59751a47306668d343733e63cd99b32&amp%3Bact=unsub, http://section4.activehosted.com/proc.php?nl=2&amp%3Bc=1051&amp%3Bm=1183&amp%3Bs=e59751a47306668d343733e63cd99b32&amp%3Bact=unsub, http://section4.activehosted.com/proc.php?nl=2&amp%3Bc=876&amp%3Bm=992&amp%3Bs=e59751a47306668d343733e63cd99b32&amp%3Bact=unsub, http://section4.activehosted.com/proc.php?nl=2&amp%3Bc=2179&amp%3Bm=2410&amp%3Bs=e59751a47306668d343733e63cd99b32&amp%3Bact=unsub, http://section4.activehosted.com/proc.php?nl=2&amp%3Bc=3530&amp%3Bm=3924&amp%3Bs=e59751a47306668d343733e63cd99b32&amp%3Bact=unsub"
p6li1chk.r.us-east-1.awstrack.me,14,14,0.5083514887436456,,,,unknown,"http://p6li1chk.r.us-east-1.awstrack.me/L0/http:%2F%2Fwww.=, https://p6li1chk.r.us-east-1.awstrack.me/I0/01000197c2a5b31b-910657f7-ad0e=, https://p6li1chk.r.us-east-1.awstrack.me/L0/https:%2F%2Faws.=, http://p6li1chk.r.us-east-1.awstrack.me/L=, https://p6li1chk.r.us-east-1.awstrack.me/L0/="
dashboard.coachingnocodeapps.com,13,3,0.4720406681190995,,,,unknown,"https://dashboard.coachingnocodeapps.com/bt=, https://dashboard.coachingnocodeapps.com/bts-office-hours-calendar, http://dashboard.coachingnocodeapps.com/built-to-scale"
www.youtube.com,13,11,0.4720406681190995,,,,social_media,"https://www.youtube.com/watch?v=3DyzR36izK2As%3D0A, https://www.youtube.com/watch?v=3D_BLcKX%3D, https://www.youtube.com/Slidebean, https://www.youtube.com/watch?v=3DOhlELqo7Qxg&list=3DPLnhdsL4kFmVZjVYs3J4M%3D, https://www.youtube.com/watch?v=3D_K_F_ic%3D"
www.epsilontheory.com,13,11,0.4720406681190995,,,,unknown,"https://www.epsilontheory.com/the-green-protocol-a-new-vision-for-=, https://www.epsilontheory.com/in-praise-of-bitcoin/=0D=, https://www.epsilontheory.com/, https://www.epsilontheory.com/dani=, https://www.epsilontheory.com/the-ind="
click.convertkit-mail2.com,13,13,0.4720406681190995,,,,unknown,"https://click.convertkit-mail2.com/k0uxxvkmrds2unq2xzfl/48hvheh2o8gqoxux/aH=, https://click.convertkit-mail2.com/27un957n02s9ud3dpls3/qvh8h8u80oz2gecg/aH=, https://click.convertkit-mail2.com/xmu9ddr59pi3umpen9i5h273rzllsnhl4723/vqh=, https://click.convertkit-mail2.com/4zu3nrggxki7u5pqnxphxh6pmxm77i5hlvr65/ow=, https://click.convertkit-mail2.com/xmu5p6d06oh3ueo6vri5/l2hehmhon0rm0qt6/bW="
mailtrack.io,13,13,0.4720406681190995,,,,unknown,"https://mailtrack.io/trace/link/eb2a250fc5a6c8b151bf49029219435f1710f4d0?url=http%3A%2F%2Fwww.ubtagency.com%2F&userId=6753433&signature=7e1e413767340847, https://mailtrack.io/trace/link/bb60e4a1899=, https://mailtrack.io/trace/link/548504166a3b2019e4346a1489404e80267fc6cd?url=https%3A%2F%2Fwww.loom.com%2Fshare%2F12e0c64602b14cee8dff8585e988557c&userId=6949073&signature=4a9f8d15260c699d, https://mailtrack.io/trace/link/67111f4a4e73c2adad302832a48a1bf557379b60?url=https%3A%2F%2Fcalendly.com%2Frapiddevelopers%2F30min&userId=6949073&signature=15c3b3ccd601e50d, https://mailtrack.io/trace/link/91e7addb015460158bcc38d279756b9b48b3da66?url=https%3A%2F%2Fapp.ghostqode.com%2Fscheduling&userId=6753433&signature=535c6d4350989d70"
t.e2ma.net,12,12,0.4357298474945534,,,,unknown,"https://t.e2ma.net/click/jlkrkn/nwnsx3w/vq8ezkg), https://t.e2ma.net/click/jlkrkn/nwnsx3w/jd6ezkg), https://t.e2ma.net/click/jlkrkn/nwnsx3w/fy7ezkg), https://t.e2ma.net/click/jlkrkn/nwnsx=, https://t.e2ma.net/click/jlkrkn/nwnsx3w/z56ezkg)"
schemas.microsoft.com,11,2,0.39941902687000724,,,,unknown,"https://schemas.microsoft.com/office/2004/12/omml, https://schemas.microsoft.com/of="
therapackelawgroup.acemlna.com,11,11,0.39941902687000724,,,,unknown,"https://therapackelawgroup.acemlna.com/lt.php?s=d2f60c417eecb32534391d80e39b8c09&i=105A238A12A545, https://therapackelawgroup.acemlna.com/lt.php?s=d2f60c417eecb32534391d80e39b8c09&i=108A250A12A561, https://therapackelawgroup.acemlna.com/proc.php?nl=12&c=100&m=225&s=d2f60c417eecb32534391d80e39b8c09&act=unsub, https://therapackelawgroup.acemlna.com/lt.php?s=d2f60c417eecb32534391d80e39b8c09&i=105A238A12A544, https://therapackelawgroup.acemlna.com/lt.php?s=d2f60c417eecb32534391d80e39b8c09&i=100A225A12A516"
clicks.aweber.com,11,11,0.39941902687000724,,,,unknown,"https://clicks.aweber.com/y/ct/?l=3DBZK4a&m=3D3zq.QZ.cdnKeOhO&b=3DX_zNkRkC_%3D, https://clicks.aweber.com/y/ct/?l=3DBZK4a&m=3D3zq.QZ.cdnKeOhO&b=3DincFib1xH%3D, https://clicks.aweber.com/y/ct/?l=3DBZK4a&m=3D3xb0R_95vfKeOhO&b=3DcDDpsQqsx%3D, https://clicks.aweber.com/y/ct/?l=3DBZK4a&m=3D3uAQtF4AAnKeOhO&b=3Dl5l1finrg%3D, https://clicks.aweber.com/y/ct/?l=3DBZK4a&m=3D3zq.QZ.cdnKeOhO&b=3Dle8cl6_3S%3D"
uncrate.us1.list-manage.com,11,11,0.39941902687000724,,,,unknown,"https://uncrate.us1.list-manage.com/track/click?u=3D125c5c5823653b64%3D, https://uncrate.us1.list-manage.com/track/click?u=3D125c5c5%3D, https://uncrate.us1.list-manage.com/track/click=, https://uncrate.us1.list-manage.com/track/click?u=3D125c%3D, https://uncrate.us1.list-manage.com/track/="
newsletter.epsilontheory.com,11,8,0.39941902687000724,,,,news_media,"http://newsletter.epsilontheory.com/wf/open?upn=3DYSbL-2Fjzpwbt%3D, http://newsletter.epsilontheory.com/asm/?user_id=3D863937%3D, http://newsletter.epsilontheory.com/asm/unsubscribe/?user_id=3D%3D, http://newsletter.epsilontheory.com/asm/?user_id=3D8639376&data=3DH5qyDW98z%3D, http://newsletter.epsilontheory.com/wf/unsubscribe?upn=3DYSbL-2FjzpwbtZ%3D"
graphitefinancial.us19.list-manage.com,11,7,0.39941902687000724,,,,unknown,"https://graphitefinancial.us19.list-manage.com/track/c=, https://graphitefinancial.us19.list-manage.com/unsubscribe=, https://graphitefinancial.us19.list-manage.com/about, https://graphitefinancial.us19.list-manage.com/track=, https://graphitefinancial.us19.list-manage.com/unsubscribe?u=7d7de0a88dd22b08dd394f46e&id=2865ae1f59&e=c1b4e60725&c=dfe0a4c94f%29"
fonts.googleapis.com,10,6,0.36310820624546114,,,,unknown,"https://fonts.googleapis.com/=, http://fonts.googleapis.com/css?family=3DMerriweather%3A400%2C400ita%3D, https://fonts.googleapis.com/css2?family=3DRubik%3Awght%40%3D, http://fonts.googleapis.com/css?family=3DMerriweather%3A400%2C400italic%2C700%3D, https://fonts.googleapis.com/css2=3Ffamily=3DSource+Sans+Pro:wght@400;700;="
w=,10,2,0.36310820624546114,,,,unknown,"http://w=, https://w="
fi.co,10,10,0.36310820624546114,,,,unknown,"https://fi.co/insight/let-s-look-beyondcovid-online-startup-ev=, https://fi.co/privacy), https://fi.co/insight/future-of-retail-after-covid-19), https://fi.co/startupwebinar/458), https://fi.co/insight/future-of-retail-after-covid-19"
cdn.slidesharecdn.com,10,10,0.36310820624546114,,,,unknown,"https://cdn.slidesharecdn.com/ss_thumbnails/n0j6r8=, https://cdn.slidesharecdn.com/ss_thumbnails/25pric=, http://cdn.slidesharecdn.com/profile-photo-dmc500hats-96x96.jpg?cb=3D%3D, https://cdn.slidesharecdn.com/ss_thumbnails/leanst=, https://cdn.slidesharecdn.com/ss_thumbnails/viralm="
di209.infusionsoft.com,10,10,0.36310820624546114,,,,unknown,"https://di209.infusionsoft.com/app/optOut/8/9ff10d715381fb46/13367323/8f0ac=, https://di209.infusionsoft.com/app/optOut/8/9ff10d715381fb46/13865971/d987e=, https://di209.infusionsoft.com/app/optOut/8/9ff10d715381fb46/13867417/c1331=, https://di209.infusionsoft.com/app/optOut/8/9ff10d715381fb46/14489519/862a0=, https://di209.infusionsoft.com/app/optOut/0/70="
techcrunch.com,10,10,0.36310820624546114,,,,unknown,"https://techcrunch.com/2019/12/10/the-100m-arr-club/, https://techcrunch.com/extracrunch/, https://techcrunch.com/2019/09/25/inside-the-venture-capital-recruiting-pr=, https://techcrunch.com/2020/02/14/the-six-strategic-stages-of-seed-fundrai=, https://techcrunch.com/extracrunch"
slidebean.com,10,7,0.36310820624546114,,,,unknown,"https://slidebean.com/financial-ecommerce-email, http://slidebean.com/financial-model-template-free-download, https://slidebean.com/investor-deck-design-consulting, https://slidebean.com/financial-adbased-email, https://slidebean.com"
wp.me,10,10,0.36310820624546114,,,,unknown,"https://wp.me/pbRvtl-6yg, https://wp.me/pbRvtl-6yh, https://wp.me/pbRvtl-6ym, https://wp.me/pbRvtl-6ye, https://wp.me/pbRvtl-6yn"
trello.com,9,5,0.32679738562091504,,,,unknown,"https://trello.com/b/lWLmJQ6D/mingus-trello-board=0A, https://trello.com/b/lWLmJQ6D/mingus-=, https://trello.com/b/lWLmJQ6D/min=, https://trello.com/b/lWLmJQ6D/mingus-trello-board=, https://trello.com/b/lWLmJQ6D/mingus-trello-board"
email.slidesharecdn.com,9,3,0.32679738562091504,,,,unknown,"http://email.slidesharecdn.com/framework=, http://email.slidesharecdn.com/fra=, http://email.slidesharecdn.com/framework/email-body-bg.png)"
el2.convertkit-mail.com,9,9,0.32679738562091504,,,,unknown,"https://el2.convertkit-mail.com/c/mvu4mlwp7rc5hwzvd4fm/x0hph6h74grq2z/aHR0c=, https://el2.convertkit-mail.com/c/k0u050e2lpt6h48w4qfl/08hwh9h73g4249/aHR0c=, https://el2.convertkit-mail.com/c/mvu4mlwp7rc5hwzvd4fm/6qheh8h23qk9r6/aHR0c=, https://el2.convertkit-mail.com/c/mvu4mlwp7rc5hwzvd4fm/p8heh9h7pv3q62/aHR0c=, https://el2.convertkit-mail.com/c/92ug2eklzpfnhn9rpph9/kkhmh6h9xrdgm7/aHR0c="
click.convertkit-mail.com,9,9,0.32679738562091504,,,,unknown,"https://click.convertkit-mail.com/lmuk9k4lgpbmhql833f6/x0hph6h7g5l826a5/aHR=, https://click.convertkit-mail.com/lmu50gkledcmh93v02h6/z2hghnho8ozmzefp/aHR=, https://click.convertkit-mail.com/lmuk9k4lgpbmhql833f6/dpheh0h73lmz69bm/aHR=, https://click.convertkit-mail.com/27uzonvq2giohp32mlh3/6qheh8hp2g3ernco/aHR=, https://click.convertkit-mail.com/27uzonvq2giohp32mlh3/p8heh9h970po6ziq/aHR="
schema=,9,1,0.32679738562091504,,,,unknown,http://schema=
www.gtalumni.org,9,9,0.32679738562091504,,,,unknown,"https://www.gtalumni.org/s/1481/alumni/19/interior.aspx, https://www.gtalumni.org/s/1481/alumni/19/interi=, https://www.gtalumni.org/s/1481/alumni/19/interior.aspx?sid=3D1481, https://www.gtalumni.org/s=, https://www.gtalumni.org/s/1481/alumn="
stripe.com,8,4,0.29048656499636893,,,,unknown,"https://stripe.com/docs/billing, https://stripe.com/billing)=, https://stripe.com/docs/billing/prices-guide, https://stripe.com"
www.priceintelligently.com,8,6,0.29048656499636893,,,,unknown,"https://www.priceintelligently.com/hs/manage-pre=, https://www.priceintelligently.com/hs/manage-preferences/u=, https://www.priceintelligently.com/e2t/sc2/MmZ-8yklgnWW8f1sc87Gmt3lW98hp_D7=, https://www.priceintelligently.com/e2t/s=, https://www.priceintelligently.com/e2t/sc2/MmZ-8yklgnWW8f1sc87Gmt="
preferences.convertkit-mail.com,8,8,0.29048656499636893,,,,unknown,"https://preferences.convertkit-mail.com/lmu50gkledcmh93v02h6, https://preferences.convertkit-mail.com/8ku9g58wqlsohnnnr0uk, https://preferences.convertkit-mail.com/92ug2eklzpfnhn9rpph9, https://preferences.convertkit-mail.com/mvu4mlwp7rc5hwzvd4fm, https://preferences.convertkit-mail.com/27uzonvq2giohp32mlh3"
unsubscribe.convertkit-mail.com,8,8,0.29048656499636893,,,,unknown,"https://unsubscribe.convertkit-mail.com/k0u050e2lpt6h48w4qfl, https://unsubscribe.convertkit-mail.com/mvu4mlwp7rc5hwzvd4fm, https://unsubscribe.convertkit-mail.com/lmu50gkledcmh93v02h6, https://unsubscribe.convertkit-mail.com/68ur4oq4oh8h0r8kwso, https://unsubscribe.convertkit-mail.com/27uzonvq2giohp32mlh3"
is-hosted-email-api-prod.appspot.com,8,8,0.29048656499636893,,,,unknown,"https://is-hosted-email-api-prod.appspot.com/api/v2/public/email/5829095953=, https://is-hosted-email-api-prod.appspot.com/api/v2/public/email/4890392497=, https://is-hosted-email-api-prod.appspot.com/api/v2/public/email/6038702956=, https://is-hosted-email-api-prod.appspot.com/api/v2/public/email/5092528513=, https://is-hosted-email-api-prod.appspot.com/api/v2/public/email/5615315881="
dandapanillc.acemlna.com,8,8,0.29048656499636893,,,,unknown,"https://dandapanillc.acemlna.com/lt.php?s=1cb11750353239537d192efb045bae84&i=417A1222A9A6615, https://dandapanillc.acemlna.com/lt.php?s=1cb11750353239537d192efb045bae84&i=417A1222A9A6610, https://dandapanillc.acemlna.com/lt.php?s=1cb11750353239537d192efb045bae84&i=417A1222A9A6613, https://dandapanillc.acemlna.com/lt.php?s=1cb11750353239537d192efb045bae84&i=417A1222A9A6614, https://dandapanillc.acemlna.com/lt.php?s=1cb11750353239537d192efb045bae84&i=417A1222A9A6611"
unsubscribe.convertkit-mail2.com,8,8,0.29048656499636893,,,,unknown,"https://unsubscribe.convertkit-mail2.com/mvul3p7xk5s5hlx8vnfm, https://unsubscribe.convertkit-mail2.com/xmu5p6d06oh6h4mwo7f5, https://unsubscribe.convertkit-mail2.com/xmu5p6d06oh3ueo6vri5, https://unsubscribe.convertkit-mail2.com/xmu9ddr59pi3umpen9i5h273rzllsnhl47=, https://unsubscribe.convertkit-mail2.com/27un957n02s9ud3dpls3"
app.paykickstart.com,7,7,0.2541757443718228,,,,unknown,"https://app.paykickstart.com/billing/portal/eyJpdiI6IldjNFRXeGZpQlwvYURYM=, https://app.paykickstart.com/i=, https://app.paykickstart.com/billing/portal/eyJpdiI6IldjNFR=, https://app.paykickstart.com/images/emails/icons/email.jpg=, https://app.paykickstart.com/billing/portal/eyJpdiI6Ildj="
mailchi.mp,7,7,0.2541757443718228,,,,unknown,"https://mailchi.mp/240416a3f902/how-much-=, https://mailchi.mp/0c54875c10aa/how-much-=, https://mailchi.mp/thegatheringspot/tgs-l=, https://mailchi.mp/73617dfed690/how-much-=, https://mailchi.mp/davenetics/ohccz2l9lj?e=3Dfdce37e4de%29"
www.instagram.com,7,7,0.2541757443718228,,,,social_media,"https://www.instagram.com/dario.explore/, https://www.instagram.com/mallorypruitt/, https://www.instagram.com/founding/, https://www.instagram.com/p/CMz=, https://www.instagram.com/NickMaggiulli/)"
bubble.io,7,6,0.2541757443718228,,,,unknown,"https://bubble.io/page?type=3Dpage&name=3Dtest&id=3Dretail-%3D, https://bubble.io/contributor/ez-code-1525682873806x763134988024830800, https://bubble.io/page, https://bubble.io/page?name=3Dindex&id=3Dm%3D, https://bubble.io/page?type=3Dpage&name=3Dtest&id=3Dretail-v1"
tel.meet,7,6,0.2541757443718228,,,,unknown,"https://tel.meet/ivo-jcgf-kxw?pin=3D1756398134301&amp%3Bhs=3D0, https://tel.meet/rbp-zsij-hxr?pin=3D78906987513%3D, https://tel.meet/cuw-mnvy-yvm, https://tel.meet/cuw-mnvy-yvm?pin=6231387144742&hs=7, https://tel.meet/ivo-jcgf-kxw?pin=17563981343"
vimeo.com,7,4,0.2541757443718228,,,,unknown,"https://vimeo.com/432627344/fcec8741ac, https://vimeo.com/285779781/a885e38b5b, https://vimeo.com/285779781/a885e38b5b=0A, https://vimeo.com/432641361/5e8c22fc0d"
preferences.convertkit-mail2.com,7,7,0.2541757443718228,,,,unknown,"https://preferences.convertkit-mail2.com/xmu9ddr59pi3umpen9i5h273rzllsnhl47=, https://preferences.convertkit-mail2.com/xmu5p6d06oh3ueo6vri5, https://preferences.convertkit-mail2.com/xmu5p6d06oh6h4mwo7f5, https://preferences.convertkit-mail2.com/4zu3nrggxki7u5pqnxphxh6pmxm77i5hlv=, https://preferences.convertkit-mail2.com/mvul3p7xk5s5hlx8vnfm"
i.imgur.com,7,7,0.2541757443718228,,,,unknown,"https://i.imgur.com/z7SLR4P.png, https://i.imgur.com/gjRUv10.png, https://i.imgur.com/BtkOeiF.png, https://i.imgur.com/0rKF5Eb.png, https://i.imgur.com/D1EuEKV.png"
docs.google.com,6,6,0.2178649237472767,,,,unknown,"https://docs.google.com/spreadsheets/d/1AdsFG8gWyqRkgDWEBdCsANN5ECZ7OmN-j8Rx4A-shqI/edit, https://docs.google.com/spreadsheet=, https://docs.google.com/spreadsheets/d/1_1a36VZ6x=, https://docs.google.com/spreadsheets/d/=, https://docs.google.com/spreadsheets/d/1OjMeL_NjRM16MHFt2sHVU0_qEw5tavAjqt="
www=,6,2,0.2178649237472767,,,,unknown,"http://www=, https://www="
www.slideshare.ne=,6,2,0.2178649237472767,,,,unknown,"https://www.slideshare.ne=, http://www.slideshare.ne="
www.slideshar=,6,2,0.2178649237472767,,,,unknown,"http://www.slideshar=, https://www.slideshar="
www.w3.o=,6,2,0.2178649237472767,,,,unknown,"http://www.w3.o=, https://www.w3.o="
www.slidesh=,6,2,0.2178649237472767,,,,unknown,"http://www.slidesh=, https://www.slidesh="
www.safalniveshak.com,6,6,0.2178649237472767,,,,unknown,"http://www.safalniveshak.com/analyze-business-sherlock-holmes-way/, http://www.safalniveshak.com/analyze-busi=, https://www.safalniveshak.com/analyze-busi=, https://www.safalniveshak.com/analyze-business-sherlock-holmes-way/, http://www.safalniveshak.com/analyze-business-sh="
www.rmahq.org,6,6,0.2178649237472767,,,,unknown,"https://www.rmahq.org/small-busine=, http://www.rmahq.org/small-business-banking-conference-in-nashville-talks-a=, http://www.rmahq.org/small-business-banki=, http://www.rmahq.org/small-busine=, https://www.rmahq.org/small-business-banking-conference-in-nashville-talks-a="
u14099064.ct.sendgrid.net,6,6,0.2178649237472767,,,,unknown,"https://u14099064.ct.sendgrid.net/ls/click?upn=xK88SLZsf70CC2PkXuAC32NFtZ8p9OSRugxJNAde7G9ChCxWjdD3eNghpqyHX8X2iP3Q6zgSyY-2Fc2PMlH7SELwRFYNBAAEvu6RIfjauzdlIGaHT9XBGff-2FYDfNIk517ojydSMZYEmyoobzknra4rL0fPfqHM-2FtMuW9Z84fJ7qTZZ3LbeQ7vbKy0ytiBMmG2NckBeVK2qB6nyLt9P8I-2BWQjIIp5hTZleKJqb1nVp-2B7NNWKwdKAFvCuaRyYUbe-2FG-2FcM1RiE527wCeakxC1bZiHYptuWz7QGmU6q4Th7CSinlyEniitXkmIs63mEgVLV7-2BUZpd85PveIyL9JgNG9bjOkiEpEqsaPhMILLPkj8WrEPLz1eqDaT3LreTItxuebRP-2FlGqD_-2BUiTGW3WMIVqQhCLqacjDis-2F3R1GE82b7txDLK5Gmx-2Br1dQH0AQxiHTrdRb3qEMLbJawFSnA0Yx3T4OipmrlAcTvpz92Eq10QwuccjiMpCQgfUztWYl5EgvCEbF6hDJ4kJO1smKfpxOMG6zNFfZfjYv0o-2Fc41grxoDQR6p35PneGIEkXLpEb2-2F0Xp-2F3Upu9UhKBxDvWGOh8Obtw-2BGMFfh79sUTLXpsBF-2F3EyEsOQGWE-3D, https://u14099064.ct.sendgrid.net/ls/click?upn=xK88SLZsf70CC2PkXuAC32NFtZ8p9OSRugxJNAde7G9ChCxWjdD3eNghpqyHX8X2iP3Q6zgSyY-2Fc2PMlH7SELwRFYNBAAEvu6RIfjauzdlIGaHT9XBGff-2FYDfNIk517ojydSMZYEmyoobzknra4rL0fPfqHM-2FtMuW9Z84fJ7qTZZ3LbeQ7vbKy0ytiBMmG2NckBeVK2qB6nyLt9P8I-2BWQjIIp5hTZleKJqb1nVp-2B7NNWKwdKAFvCuaRyYUbe-2FG-2FcM1RiE527wCeakxC1bZiHYptuWz7QGmU6q4Th7CSinlyEniitXkmIs63mEgVLV7-2BU6OSupBFqrzXW3U73p72kFJ623tjc7PFzVFHA2gyt7MU-3DrUUB_-2BUiTGW3WMIVqQhCLqacjDis-2F3R1GE82b7txDLK5Gmx-2Br1dQH0AQxiHTrdRb3qEMLbJawFSnA0Yx3T4OipmrlAUMWONpJexrcRAG1-2FCCPXGL0ojCx9QMbTxOG1FwdNUq79aqqa-2BvoDS85QGEuzIUMVOeXuEGA9kvuHuE3Jt7PlPk-2BEJpBhfq4SY2uPZ1aV04EQpgwX-2F2aaAaJ43z9kgEBli5WZRneA1xhNTCidMrUrFA-3D, https://u14099064.ct.sendgrid.net/ls/click?upn=xK88SLZsf70CC2PkXuAC32NFtZ8p9OSRugxJNAde7G9ChCxWjdD3eNghpqyHX8X2iP3Q6zgSyY-2Fc2PMlH7SELwRFYNBAAEvu6RIfjauzdlIGaHT9XBGff-2FYDfNIk517ojydSMZYEmyoobzknra4rL0fPfqHM-2FtMuW9Z84fJ7qTZZ3LbeQ7vbKy0ytiBMmG2NckBeVK2qB6nyLt9P8I-2BWQjIIp5hTZleKJqb1nVp-2B7NNWKwdKAFvCuaRyYUbe-2FG-2FcM1RiE527wCeakxC1bZiHYnhKgvrx8dIWr3GLRwFMAfG5bll4kcfyKiNbFwP2mPtcK7-o_-2BUiTGW3WMIVqQhCLqacjDis-2F3R1GE82b7txDLK5Gmx-2Br1dQH0AQxiHTrdRb3qEMLbJawFSnA0Yx3T4OipmrlAW2BSkC-2BV4vzlnZQXXCQL2t6qA0p6o2Yu-2BeBT-2FDrIdnYdhC95IDB8ylFoK0fabaQLyjjRouoO8K5vvfYBObDCTadgZoIt4Z47T0glvwAORZwVZCbjOtSrdqDVHXs2WMWnAMofXmRL8i0jHSwUQ5b9Q8-3D, https://u14099064.ct.sendgrid.net/ls/click?upn=z14IbRkPDODaxaWiwMQn3UXzcmbamtH07MZgsIyrPpFfvs4rzbaTuLewBFihaFVK54M6_-2BUiTGW3WMIVqQhCLqacjDis-2F3R1GE82b7txDLK5Gmx-2Br1dQH0AQxiHTrdRb3qEMLbJawFSnA0Yx3T4OipmrlATri1F5Ji3qiyAelHVtCCrB7EgScMIGmYdf-2BGPXVnO9FfR3rpXcecwai9JksxOc2DiQoy-2BSCFEWOZ7MN-2FLnz5rA1Ovmsx9NUxsDcoVSqBmbgtlzKcY8MVHwrXVagTj4O8wKt9-2BbW5-2F1O2i-2FEp4etP7U-3D, https://u14099064.ct.sendgrid.net/ls/click?upn=xK88SLZsf70CC2PkXuAC32NFtZ8p9OSRugxJNAde7G9ChCxWjdD3eNghpqyHX8X2iP3Q6zgSyY-2Fc2PMlH7SELwRFYNBAAEvu6RIfjauzdlIGaHT9XBGff-2FYDfNIk517ojydSMZYEmyoobzknra4rL0fPfqHM-2FtMuW9Z84fJ7qTZZ3LbeQ7vbKy0ytiBMmG2NckBeVK2qB6nyLt9P8I-2BWQjIIp5hTZleKJqb1nVp-2B7NNWKwdKAFvCuaRyYUbe-2FG-2Fc3CaiuCgMhHk16LCdo0kl8MNvEawvxluzGh4Ovd6yzv6d1QtHl2zzJBTufbIlqK8JLflTY8Ek1CMWh7RBxSfYmA-3D-3DjZyl_-2BUiTGW3WMIVqQhCLqacjDis-2F3R1GE82b7txDLK5Gmx-2Br1dQH0AQxiHTrdRb3qEMLbJawFSnA0Yx3T4OipmrlAVSiL2P-2FanYMvAiLmy7S5nnJGrSEKDabPlv8A09iynoIwBE1FyeCMo2ZmCqfm3tSnmnWwIS5zQHwi5Wbx2Y129sufaYtLpck"
cdn-images.mailchimp.com,6,6,0.2178649237472767,,,,unknown,"https://cdn-images.mailchimp.com/icons/social-block=, https://cdn-images.mailchimp.com/icons/soci=, https://cdn-images.mailchimp.com/ic=, https://cdn-images.mailchimp.com/icons=, https://cdn-images.mailchimp.com/icons/s="
un.cr,6,6,0.2178649237472767,,,,unknown,"https://un.cr/autodromointereuropawatch, https://un.cr/hommefaceoil, https://un.cr/concreteshavebowl, https://un.cr/jamesbrandmehlvillecarabi, https://un.cr/reigningchampringspuntshi"
nextdraft.com,6,2,0.2178649237472767,,,,unknown,"https://nextdraft.com/, https://nextdraft.com/draft-some-new-nextdraft-readers/"
mindforapps.com,6,3,0.2178649237472767,,,,unknown,"https://mindforapps.com/our_portfolio, https://mindforapps.com/get_started, https://mindforapps.com/info"
sc=,6,1,0.2178649237472767,,,,unknown,http://sc=
calendar.googl=,6,1,0.2178649237472767,,,,unknown,https://calendar.googl=
meet.google.com,6,5,0.2178649237472767,,,,unknown,"https://meet.google.com/cuw-mnvy-yvm, https://meet.google.com/iiy-kxmg-vai?hs=3D224, https://meet.google.com/ivo-jcgf-kxw, https://meet.google.com/ivo-jcg=, https://meet.google.com/ivo-jcgf-kxw?hs=3D224"
www.businessinsider.com,6,6,0.2178649237472767,,,,unknown,"https://www.businessinsider.com/udemy-fre=, https://www.businessinsider.com/udemy-free-course-person=, https://www.businessinsider.com/best-pitch-decks-startups-funding-ven=, https://www.businessinsider.com/fabric-pitch-deck-secured-nine-mi=, https://www.businessinsider.com/best-pitc="
github.com,6,4,0.2178649237472767,,,,unknown,"https://github.com/settings/connections/applications/061fd810c023e6ffec1b, https://github.com/settings/connections/applications/60b7a7e2418b90251417, https://github.com/contact, https://github.com/settings/security-log"
forms.gorick.com,6,4,0.2178649237472767,,,,unknown,"https://forms.gorick.com/askgorick)=C2=A0, https://forms.gorick.com/askgorick)=, https://forms.gorick.com/askgorick, https://forms.gorick.com/askgorick)"
pages.awscloud.com,6,6,0.2178649237472767,,,,unknown,"https://pages.awscloud.com/rs/112-TZM-766/images/Facebo=, https://pages.awscloud.com/rs/112-TZM-766/images/Twitte=, https://pages.awscloud.com/rs/112-TZM-766/images/Twitch=, https://pages.awscloud.com/rs/112-TZM-766/images/Podcas=, https://pages.awscloud.com/rs/112-TZM-766/images/YouTub="
www.acquisition.com,6,6,0.2178649237472767,,,,unknown,"https://www.acquisition.com/e3t/Ctc/W+113/d2wK6Z04=, https://www.acquisition.com/e3t/Ctc/W+113/d2wK6Z04/VVKm_m1xgP2bW3qPtqK4STFCLW5tZZw=, https://www.acquisition.com/hs/preferences-center/en/page, https://www.acquisition.com/e3t/Ctc/W+113/d2w=, https://www.acquisition.com/e="
dashboard.stripe.com,5,5,0.18155410312273057,,,,unknown,"https://dashboard.stripe.com/emails/receipts/pmtrc_1Gj8tPECz=, https://dashboard.stripe.com/emails/receipts/pmtrc_1GgcxmECz=, https://dashboard.stripe.com/emails/receipts/pmtrc_1GzQMCHgiMzUud8ism3uePuB, https://dashboard.stripe.com/emails/receipts/pmtrc_1GvkVQECz=, https://dashboard.stripe.com/emails/receipts/pmtrc_1H5HtkECz="
sailthru-media.s3.amazonaws.com,5,5,0.18155410312273057,,,,news_media,"https://sailthru-media.s3.amazonaws.com/composer/images=, https://sailthru-media.s3.amazonaws.com/composer/im=, https://sailthru-media.s3.amazonaws.com/composer/images/sailthru-prod-4wm/email-header.jpg, https://sailthru-media.s3.amazonaws.com/c=, https://sailthru-media.s3.amazonaws.com/composer/images/sa="
ofdollarsanddata.us7.list-manage=,5,1,0.18155410312273057,,,,unknown,https://ofdollarsanddata.us7.list-manage=
ofdollarsanddata.com,5,3,0.18155410312273057,,,,unknown,"https://ofdollarsanddata.com/racial-wea=, https://ofdollarsanddata.com/how-to-save-f=, https://ofdollarsanddata.com/"
ofdollarsanddata.us7.list-mana=,5,1,0.18155410312273057,,,,unknown,https://ofdollarsanddata.us7.list-mana=
ofdollarsanddata.com),5,1,0.18155410312273057,,,,unknown,http://ofdollarsanddata.com)
humbledollar.com=,5,1,0.18155410312273057,,,,unknown,https://humbledollar.com=
hu=,5,1,0.18155410312273057,,,,unknown,https://hu=
saastr.us9.list-manage.com,5,5,0.18155410312273057,,,,unknown,"http://saastr.us9.list-manage.com/track/click?u=3Db25dcec6d763cc%3D, http://saastr.us9.list-manage.com/track/click?u=3Db25dcec6d763ccdc1dd23ef3%3D, http://saastr.us9.list-manage.com/track/click?u=3Db25dcec6d763ccdc1dd2%3D, http://saastr.us9.list-manage.com/profile?u=3D%3D, http://saastr.us9.list-manage.com/track/click?u=3Db25dce%3D"
saastr.us9.list-manage1.com,5,5,0.18155410312273057,,,,unknown,"http://saastr.us9.list-manage1.com/track/click?u=3Db25dcec6d763ccdc1%3D, http://saastr.us9.list-manage1.com/track/click?u=3Db25dc%3D, http://saastr.us9.list-manage1.com/track/click?u=3Db25dcec6d763ccdc1dd23ef%3D, http://saastr.us9.list-manage1.com/track/click?u=3Db25dcec6d763%3D, http://saastr.us9.list-manage1.com/tr="
humbledollar.c=,5,1,0.18155410312273057,,,,unknown,https://humbledollar.c=
www.GraphiteFinancial.com,5,1,0.18155410312273057,,,,unknown,https://www.GraphiteFinancial.com
www.graphitefinancial.com,5,1,0.18155410312273057,,,,unknown,https://www.graphitefinancial.com/)
www.nytimes.com,5,5,0.18155410312273057,,,,news_media,"https://www.nytimes.com/2021/05/31/style/metal-de=, https://www.nytimes.com/2017/10/21/world/africa/rober=, https://www.nytimes.com/2=, https://www.nytimes.com/2017/05/13/health/candidate-who-director-general-ethiopia-=, https://www.nytimes.com/2021/06/02/world/middleeas="
url6515.burritoapps.com,5,5,0.18155410312273057,,,,unknown,"http://url6515.burritoapps.com/ls/click, http://url6515.burritoapps.com/ls/click=, http://url6515.burritoapps.com/ls/c=, http://url6515.burritoapps.com/wf/open?upn=3DYSbL-2FjzpwbtZDmi1RIo%3D, http://url6515.burritoapps.com/ls="
efiles.webengage.com,5,5,0.18155410312273057,,,,unknown,"https://efiles.webengage.com/cdn-cgi/image/q=3D70/images/58add216/tick%20i=, https://efiles.webengage.com/cdn-cgi/image/q=3D70/images/58add21=, https://efiles.webengage.com/cdn=, https://efiles.webengage.com/cdn-cgi/image/=, https://efiles.webengage.com/cdn-cgi/image/q=3D70/images/58add216/tic="
futurism.com,5,5,0.18155410312273057,,,,unknown,"https://futurism.com/ai-industry-nervous-money), https://futurism.com/ai-impossible-find-job), https://futurism.com/ai-impossible-find-job)=20, https://futurism.com/zoo-pets-feed-carnivores), https://futurism.com/zoo-pets-feed-carni="
www.coachingnocodeapps.com,4,1,0.14524328249818447,,,,unknown,https://www.coachingnocodeapps.com
www.w=,4,1,0.14524328249818447,,,,unknown,https://www.w=
www.mailchimp.com,4,2,0.14524328249818447,,,,unknown,"http://www.mailchimp.com/email-referral/, https://www.mailchimp.com/email-referral/"
www.us1.list-manage.com,4,4,0.14524328249818447,,,,unknown,"https://www.us1.list-manage.com/unsubscribe?u=3Da67c4487%3D, https://www.us1.list-manage.com/unsubscri=, https://www.us1.list-manage.com/about?u=3Da67c4487fff%3D, https://www.us1.list-manage.com/profile?u=3Da67%3D"
coachin=,4,1,0.14524328249818447,,,,unknown,https://coachin=
support.google.com,4,4,0.14524328249818447,,,,unknown,"https://support.google.com/calendar/answer/37135#=, https://support.google.com/calendar/answer/37135#forwarding, https://support.google.com/calendar/answer/37135#fo=, https://support.google.com/calendar/answe="
schem=,4,1,0.14524328249818447,,,,unknown,http://schem=
www.twitter.com,4,4,0.14524328249818447,,,,social_media,"http://www.twitter.com/), https://www.twitter.com/gatheringspots), https://www.twitter.com/), http://www.twitter.com/gatheringspots)"
humbledollar=,4,1,0.14524328249818447,,,,unknown,https://humbledollar=
humbledollar.co=,4,1,0.14524328249818447,,,,unknown,https://humbledollar.co=
is-tracking-pixel-api-prod.appspot.com,4,1,0.14524328249818447,,,,unknown,https://is-tracking-pixel-api-prod.appspot.com/api/v1/render/=
humbledollar.=,4,1,0.14524328249818447,,,,unknown,https://humbledollar.=
www.masterworks.io,4,2,0.14524328249818447,,,,unknown,"https://www.masterworks.io/, https://www.masterworks.io/research/post/O0p5MYsza0Y6YcC2Pu6="
ofdoll=,4,1,0.14524328249818447,,,,unknown,https://ofdoll=
www.reddit.com,4,4,0.14524328249818447,,,,unknown,"https://www.reddit.com/r/dataisbeautiful/=/, https://www.reddit.com/r/Entrepreneur/com=/, https://www.reddit.com/r/dataisbeauti=/, https://www.reddit.com/r/dataisbeautiful/comments/oxwg9m/oc_how_mara=/"
boards.greenhouse.io,4,4,0.14524328249818447,,,,unknown,"https://boards.greenhouse.io/meetelise/jobs/5183086002)=, https://boards.greenhouse.io/meetelise/jobs/452=, https://boards.greenhouse.io/meetelise/jobs/50=, https://boards.greenhouse.io/meetelise/jobs/4="
www.mindforapps.com,4,2,0.14524328249818447,,,,unknown,"http://www.mindforapps.com, https://www.mindforapps.com"
link.trends.co,4,4,0.14524328249818447,,,,unknown,"https://link.trends.co/click/24896225.255089/aHR0cHM6Ly90cmVuZHMuY28v=, https://link.trends.co/click/24896225.255089/aHR0cHM6Ly90c=, https://link.trends.co/oc/5ff6db3e9a0e0e47275=, https://link.trends.co/img/5ff6db3e9a0e0e472752f78bet="
www.100kcampaign.com,4,3,0.14524328249818447,,,,unknown,"https://www.100kcampaign.com/, https://www.100kcampaign.com/store, https://www.100kcampaign.com/login"
bubblehelpers.us14.list-manage.com,4,4,0.14524328249818447,,,,unknown,"https://bubblehelpers.us14.list-manage.com/about?u=3D%3D, https://bubblehelpers.us14.list-manage.com/track/click, https://bubblehelpers.us14.list-manage.com/track/click?u=3D%3D, https://bubblehelpers.us14.list-manage.com/u="
media.beehiiv.com,4,1,0.14524328249818447,,,,news_media,"https://media.beehiiv.com/cdn-cgi/image/fit=3Dscale-down,forma="
invest.pacaso.com,4,1,0.14524328249818447,,,,unknown,https://invest.pacaso.com/
59.email.stripe.com,4,4,0.14524328249818447,,,,unknown,"https://59.email.stripe.com/CL0/https:%2F%2Fstripe=, https://59.email.stripe.com/CL0/https:%2F%2Fd=, https://59.email.stripe.com/CL0/https:%2F%2Fp=, https://59.email.stripe.com/CL0/https:%="
s3.a=,3,1,0.10893246187363835,,,,unknown,https://s3.a=
co=,3,1,0.10893246187363835,,,,unknown,https://co=
click.outbound.surveymonkey.com,3,3,0.10893246187363835,,,,unknown,"http://click.outbound.surveymonkey.com/q/R4DzQT9Q6rSZTC5LZJXQEg~~/AAAAAQA~/RgRgps7mPlcMc3VydmV5bW9ua2V5QgoAKuZJxF55rg45Uhpqb2hubmllX3dhdHNvbl8zcmRAbWFjLmNvbVgEAAAABQ~~, http://click.outbound.surveymonkey.com/q/jzH7kd9q6urGuzD8F9FH9w~~/AAAAAQA~/RgRgtTGWPlcMc3VydmV5bW9ua2V5QgoAJ5as0l6LX1NiUhpqb2hubmllX3dhdHNvbl8zcmRAbWFjLmNvbVgEAAAABQ~~, http://click.outbound.surveymonkey.com/q/EdNi2JjHC7hG-6dqf08Kgw~~/AAAAAQA~/RgRgqnMgPlcMc3VydmV5bW9ua2V5QgoAICDux16HmsK2Uhpqb2hubmllX3dhdHNvbl8zcmRAbWFjLmNvbVgEAAAABQ~~"
sailthru-media=,3,1,0.10893246187363835,,,,news_media,https://sailthru-media=
login.bloomberg.com,3,1,0.10893246187363835,,,,news_media,https://login.bloomberg.com/subscript=
link=,3,1,0.10893246187363835,,,,unknown,https://link=
sailthru-media.s3.amazonaw=,3,1,0.10893246187363835,,,,news_media,https://sailthru-media.s3.amazonaw=
sailthru-media.s=,3,1,0.10893246187363835,,,,news_media,https://sailthru-media.s=
www.theatlantic.com,3,3,0.10893246187363835,,,,unknown,"https://www.theatlantic.com/family/archive/2021/06/=, https://www.theatlantic.com/magazine/archi=, https://www.theatlantic.com/ideas/archive/2021/06/capitol-rioters-="
www.slideshare.net=,3,1,0.10893246187363835,,,,unknown,https://www.slideshare.net=
email.slidesharecdn.co=,3,1,0.10893246187363835,,,,unknown,http://email.slidesharecdn.co=
emai=,3,1,0.10893246187363835,,,,unknown,http://emai=
www.slideshare.n=,3,1,0.10893246187363835,,,,unknown,https://www.slideshare.n=
www.texascapitalbank.com,3,3,0.10893246187363835,,,,financial,"https://www.texascapitalbank.com/what-we-offer/business-solutions/treasu=, https://www.texascapitalbank.com/what-we-offer/business-solutions/treasury-=, https://www.texascapitalbank.com/what-we-="
www.nerdwallet.com,3,1,0.10893246187363835,,,,unknown,https://www.nerdwallet.com
coachingnocodeapps.c=,3,1,0.10893246187363835,,,,unknown,https://coachingnocodeapps.c=
WWW.GOOGLE.COM,3,3,0.10893246187363835,,,,unknown,"https://WWW.GOOGLE.COM/CALENDAR/EVENT?ACTION=3DRESPOND&EID=3D%3D, https://WWW.GOOGLE.COM/CALENDAR/EVENT, https://WWW.GOOGLE.COM/CALENDAR/EVENT?ACTION=3DRES%3D"
getvero.s3.amazonaws.com,3,3,0.10893246187363835,,,,ecommerce,"https://getvero.s3.amazonaws.com/uploads%2F9e7c75da=, https://getvero.s3.amazonaws.com/uploads%2F9e7c75=, https://getvero.s3.amazonaws.com/uploads%2F9e7c="
saastr.us9.list-manage2.com,3,3,0.10893246187363835,,,,unknown,"http://saastr.us9.list-manage2.com/track/click?u=3Db25dcec6d763ccdc1dd23%3D, http://saastr.us9.list-manage2.com/track/click?u=3Db25dcec6d763ccdc1dd23ef%3D, http://saastr.us9.list-manage2.com/unsubscribe?u=3Db25d%3D"
www.aweber.com,3,1,0.10893246187363835,,,,unknown,https://www.aweber.com/z/r/
sch=,3,1,0.10893246187363835,,,,unknown,http://sch=
schema.=,3,1,0.10893246187363835,,,,unknown,http://schema.=
instagram.com,3,2,0.10893246187363835,,,,social_media,"https://instagram.com/Slidebean, http://instagram.com/thegatheringspots)"
di209.infusion-links.com,3,3,0.10893246187363835,,,,unknown,"https://di209.infusion-links.com/a=, https://di209.infusion-links.com/api/v1/click/5220548468277248/56012026=, https://di209.infusion-links.com/api/v1/click="
policies.oath.com,3,3,0.10893246187363835,,,,unknown,"https://policies.oath.com/us/en/oath/privacy/index.html, https://policies.oath.com/ie/en/oath/privacy/index.html, https://policies.oath.com/ca/en/oath/privacy/index.html"
d1yoaun8syyxxt.cloudfront.net,3,3,0.10893246187363835,,,,unknown,"https://d1yoaun8syyxxt.cloudfront.net/cu262-e2b62061-c54a-4d08-afa2-ee6f5e=, https://d1yoaun8syyxxt.cloudfront.net/tx227-=, https://d1yoaun8syyxxt.cloudfront.net/cu262-4cf5dd69-c3ca-45bd-acbd-5="
ac.danielleleslie.com,3,3,0.10893246187363835,,,,unknown,"https://ac.danielleleslie.com/lt.php?s=5dc1d51f5dd973c8a211cf8af3785e0a&i=1389A1715A175A7328, https://ac.danielleleslie.com/lt.php?s=5dc1d51f5dd973c8a211cf8af3785e0a&i=1389A1715A175A7325, https://ac.danielleleslie.com/proc.php?nl=175&c=1389&m=1715&s=5dc1d51f5dd973c8a211cf8af3785e0a&act=unsub"
us3.campaign-archive.com,3,3,0.10893246187363835,,,,unknown,"https://us3.campaign-archive.com/?e=3Da18daae366&u=3D383aaca5ff52f014f446ef1d2&id=3Dffbbfbba57%29, https://us3.campaign-archive.com/?e=3Da18daae366&u=3D383aaca5ff52f014f446ef1d2&id=3D5a17f31fe8%29, https://us3.campaign-archive.com/?e=3Da18daae366&u=3D383aaca5ff52f014f446ef1d2&id=3D9d4543126d%29"
mailchi.us3.list-man=,3,1,0.10893246187363835,,,,unknown,https://mailchi.us3.list-man=
p-wjfzvv1.t4.n0.cdn.getcloudapp.com,3,3,0.10893246187363835,,,,unknown,"https://p-wjfzvv1.t4.n0.cdn.getcloudapp.com/items/YEuyPvvN/smili=, https://p-wjfzvv1.t4.n0.cdn.getcloudapp.com/items/8Lur9Zd8/pensi=, https://p-wjfzvv1.t4.n0.cdn.getcloudapp.com/items/mXu6P77N/smili="
graphitefinancial.us19.list-manag=,3,1,0.10893246187363835,,,,unknown,https://graphitefinancial.us19.list-manag=
graphitefi=,3,1,0.10893246187363835,,,,unknown,https://graphitefi=
www.bbc.com,3,3,0.10893246187363835,,,,unknown,"https://www.bbc.com/future/artic=, https://www.bbc.com/news/world-middle-east-57340973, https://www.bbc.com/news/world-us-canada-57342967"
www.msn.com,3,3,0.10893246187363835,,,,unknown,"https://www.msn.com/en-us/money/smallbusi=, https://www.msn.com/en-us/money/smallbusiness/elon-musk-thinks-eve=, https://www.msn.com/en-us/news/politics/doj-investigating-trump-appointed-postma="
cu262.infusion-links.com,3,3,0.10893246187363835,,,,unknown,"https://cu262.infusion-links.com/api/v1/click/668257=, https://cu262.infusion-links.com/api/v1/click/61892365316=, https://cu262.infusion-links.com/api/v1/click/627586="
www.fitmind.co,3,3,0.10893246187363835,,,,unknown,"https://www.fitmind.co/podcast-collecti=, https://www.fitmind.co/podcast-collection=, https://www.fitmind.co/blog-collection/s="
dev=,3,1,0.10893246187363835,,,,unknown,https://dev=
ncubesoftware.com,3,3,0.10893246187363835,,,,unknown,"https://ncubesoftware.com?ns_url=3D12y&amp%3Bmid=3D647, https://ncubesoftware.com, https://ncubesoftware.com?fluentcrm=3D1&route=3Dopen&_e_hash=3D%3D"
calend=,3,1,0.10893246187363835,,,,unknown,https://calend=
www.go=,3,1,0.10893246187363835,,,,unknown,https://www.go=
www.epsilontheory.com=0D,3,1,0.10893246187363835,,,,unknown,https://www.epsilontheory.com=0D
forum.epsilontheory.com,3,3,0.10893246187363835,,,,unknown,"https://forum.epsilontheory.com/t/labor-shortages/1435/=0D, https://forum.epsilontheory.com/=C2=A0to, https://forum.epsilontheory.com/t/i-weep-for-the-futu="
go.businessbldrs.com,3,3,0.10893246187363835,,,,unknown,"https://go.businessbldrs.com/e3t/Btc/DH+113/c34q904/MVKLDT2S2-NW=, https://go.businessbldrs.com/hs/manage-preferences/unsu=, https://go.businessbldrs.com/hs/manage-preferences/unsubscribe="
www.pcmag.com,3,3,0.10893246187363835,,,,unknown,"https://www.pcmag.com/reviews/clarity-mon=, https://www.pcmag.com/reviews/clarity-money, https://www.pcmag.com/reviews/learnvest"
supabase.com,3,3,0.10893246187363835,,,,unknown,"https://supabase.com/doc, https://supabase.com/dashboard/new, https://supabase.com/docs/guides/examples"
ampsp.webengage.co,3,3,0.10893246187363835,,,,unknown,"https://ampsp.webengage.co/f/a/W8TOWexN73XReTLH0B1wxw=, https://ampsp.webengage.co/f/a/ygoLqaCWFKl1asm9TVEkUw~~/AAQNhxA~/B=, https://ampsp.webengage.co/q/O0rtCzy="
www.parents.com,3,3,0.10893246187363835,,,,unknown,"https://www.parents.com/gen-z-parents-dont-wan=, https://www.parents.com/gen-z-parents-dont-want-to-read-to-th=, https://www.parents.com/gen-z-parents="
resend.com,3,3,0.10893246187363835,,,,unknown,"https://resend.com/help), https://resend.com/help, https://resend.com"
coachingnocodeapps.imgus11.com,2,2,0.07262164124909223,,,,unknown,"https://coachingnocodeapps.imgus11.com/public=, https://coachingnocodeapps.imgus11.com/publi="
www.atlassian.com,2,2,0.07262164124909223,,,,unknown,"https://www.atlassian.com/software/trello, https://www.atlassian.com"
confluence.atlassian.com,2,2,0.07262164124909223,,,,unknown,"https://confluence.atlassian.com/cloud/your-atlassia=, https://confluence.atlassian.com/cloud/your-a="
id.atlassian.com,2,2,0.07262164124909223,,,,unknown,"https://id.atlassian.com/ve=, https://id.atlassian.com/verify-="
c=,2,1,0.07262164124909223,,,,unknown,https://c=
coachingnocodeapp=,2,2,0.07262164124909223,,,,unknown,"http://coachingnocodeapp=, https://coachingnocodeapp="
youtu.be,2,2,0.07262164124909223,,,,unknown,"https://youtu.be/gAkHno6Xaes, https://youtu.be/X6kLNdZgjYk"
www.capitalone.com,2,2,0.07262164124909223,,,,unknown,"https://www.capitalone.com/contac=, https://www.capitalone.com/contact.="
www.pri=,2,1,0.07262164124909223,,,,unknown,https://www.pri=
go.pilot.com,2,1,0.07262164124909223,,,,unknown,https://go.pilot.com/UnsubscribePage.html?mkt_unsubscribe=3D%3D
5minutebookkeeping.com,2,2,0.07262164124909223,,,,unknown,"http://5minutebookkeeping.com/4-tricks-tr=, http://5minutebookkeeping.com/4-tricks-tracking-past-due-customers-increasi="
wellsfargoworks.com,2,2,0.07262164124909223,,,,unknown,"https://wellsfargoworks.com/competitive-i=, https://wellsfargoworks.com/competitive-intelligence-tool-2?ind=3D8372"
conference.americanbanker.com,2,2,0.07262164124909223,,,,financial,"http://conference.americanbanker.com/conf=, http://conference.americanbanker.com/conferences/sbb10/"
fitsmallbusiness.com,2,2,0.07262164124909223,,,,unknown,"http://fitsmallbusiness.com/small-busines=, http://fitsmallbusiness.com/small-business-blogs/"
www.loom.c=,2,1,0.07262164124909223,,,,unknown,https://www.loom.c=
coach=,2,1,0.07262164124909223,,,,unknown,https://coach=
coachingnoc=,2,2,0.07262164124909223,,,,unknown,"https://coachingnoc=, http://coachingnoc="
www.google.=,2,1,0.07262164124909223,,,,unknown,https://www.google.=
meet.google.=,2,1,0.07262164124909223,,,,unknown,https://meet.google.=
ww=,2,1,0.07262164124909223,,,,unknown,https://ww=
www.loo=,2,1,0.07262164124909223,,,,unknown,https://www.loo=
dd7tel2830j4w.cloudfront.net,2,1,0.07262164124909223,,,,unknown,https://dd7tel2830j4w.cloudfront.net/f1528189334419x320092500187456600/b-t=
gallery.mailchimp.com,2,1,0.07262164124909223,,,,unknown,https://gallery.mailchimp.com/0110024258cb866c107=
coa=,2,1,0.07262164124909223,,,,unknown,https://coa=
www.danielleleslie.com,2,2,0.07262164124909223,,,,unknown,"https://www.danielleleslie.com, http://www.danielleleslie.com"
us9.forward-to-friend.com,2,2,0.07262164124909223,,,,unknown,"http://us9.forward-to-friend.com/forwa=, http://us9.forward-to-friend.com/forward?u=3Db25dcec6d763ccdc1dd23ef31"
schema.org=,2,1,0.07262164124909223,,,,unknown,http://schema.org=
thegatheringspot.club,2,2,0.07262164124909223,,,,unknown,"https://thegatheringspot.club/lifestyle/, https://thegatheringspot.club/lifestyle-participation/"
club.us11.list-manage.com,2,2,0.07262164124909223,,,,unknown,"https://club.us11.list-manage.com/prof=, https://club.us11.list-manage.com/unsubs="
linkmktg.alm.com,2,2,0.07262164124909223,,,,unknown,"https://linkmktg.alm.com/click/20927536.3277/aHR0cHM6Ly=, https://linkmktg.alm.com/click/20927536.3277/aHR0cHM6Ly93d3="
u=,2,1,0.07262164124909223,,,,unknown,https://u=
uncrate.com,2,2,0.07262164124909223,,,,unknown,"https://uncrate.com/assets_c/2020/07=, https://uncrate.com/assets_c/2020/06="
www.leyendecker.com,2,1,0.07262164124909223,,,,unknown,https://www.leyendecker.com
info.b=,2,1,0.07262164124909223,,,,unknown,https://info.b=
mandrillapp.com,2,2,0.07262164124909223,,,,unknown,"https://mandrillapp.com/track/click/30773215/www.loom.com?p=eyJzIjoiUlZ1Y2VvVmphMTM4c2twdHFyaVU5bzgyWjRBIiwidiI6MSwicCI6IntcInVcIjozMDc3MzIxNSxcInZcIjoxLFwidXJsXCI6XCJodHRwczpcXFwvXFxcL3d3dy5sb29tLmNvbVxcXC9hY2NvdW50LXNldHRpbmdzI25vdGlmaWNhdGlvbnNcIixcImlkXCI6XCI5MDY0ZmQ0ZGE2YWM0NDY5OTkxMTlhMzliOGEzODE5OVwiLFwidXJsX2lkc1wiOltcImU3MmNlNDc1NTRiMTkwZjVhZDI5MmUyZjQ3MDgxOTA5OTJiZmUwOGRcIl19In0, https://mandrillapp.com/track/click/30773215/www.loom.com?p=eyJzIjoiQ0p3Z2Fqb2swNHNYcHlsUS0tektqMnRsYVpRIiwidiI6MSwicCI6IntcInVcIjozMDc3MzIxNSxcInZcIjoxLFwidXJsXCI6XCJodHRwczpcXFwvXFxcL3d3dy5sb29tLmNvbVxcXC9zaGFyZVxcXC8wZmQ2YTU0Y2U5ZDA0ZDU3YWYxN2UxNzZjODVhYzczND9zb3VyY2VfZW1haWw9bG9vbS12aWRlby1maXJzdC12aWV3LXVwZGF0ZWRcIixcImlkXCI6XCI5MDY0ZmQ0ZGE2YWM0NDY5OTkxMTlhMzliOGEzODE5OVwiLFwidXJsX2lkc1wiOltcIjhkMWUzYzVjNGQyOTM0OGJkMjIyMzcxMmExOWM5ZmFjY2M5OTU1NzRcIl19In0"
preferences.convertkit-mail4.com,2,2,0.07262164124909223,,,,unknown,"https://preferences.convertkit-mail4.com/5qu0dpql5lt7hvpqnvmb7, https://preferences.convertkit-mail4.com/xmu37448ms6hxm0z8s6"
unsubscribe.convertkit-mail4.com,2,2,0.07262164124909223,,,,unknown,"https://unsubscribe.convertkit-mail4.com/xmu37448ms6hxm0z8s6, https://unsubscribe.convertkit-mail4.com/5qu0dpql5lt7hvpqnvmb7"
www.saas-capital.com,2,2,0.07262164124909223,,,,unknown,"http://www.saas-capital.com, http://www.saas-capital.com/"
www.slidebean.com,2,1,0.07262164124909223,,,,unknown,https://www.slidebean.com/
tx227.infusion-links.com,2,2,0.07262164124909223,,,,unknown,"https://tx227.infusion-links.com/api/v1/click/51673654510=, https://tx227.infusion-links.com/api/v1/click/58320109="
humbledo=,2,1,0.07262164124909223,,,,unknown,https://humbledo=
links.fbztrk.co=,2,1,0.07262164124909223,,,,unknown,https://links.fbztrk.co=
cdn.financebuzz.=,2,1,0.07262164124909223,,,,financial,https://cdn.financebuzz.=
cdn.f=,2,1,0.07262164124909223,,,,unknown,https://cdn.f=
cdn.finance=,2,1,0.07262164124909223,,,,financial,https://cdn.finance=
links.fbztr=,2,1,0.07262164124909223,,,,unknown,https://links.fbztr=
h=,2,1,0.07262164124909223,,,,unknown,https://h=
mailchi.us3.list-=,2,1,0.07262164124909223,,,,unknown,https://mailchi.us3.list-=
mailchi.us3.list-manage=,2,1,0.07262164124909223,,,,unknown,https://mailchi.us3.list-manage=
mailch=,2,1,0.07262164124909223,,,,unknown,https://mailch=
mailchi.u=,2,1,0.07262164124909223,,,,unknown,https://mailchi.u=
mailchi.us3.list=,2,1,0.07262164124909223,,,,unknown,https://mailchi.us3.list=
www.kiwitech.com,2,2,0.07262164124909223,,,,unknown,"https://www.kiwitech.com/crypto-blockchain-venture-fair, https://www.kiwitech.com/crypto-blockchain-venture-fair)"
www.sogalventures=,2,2,0.07262164124909223,,,,unknown,"https://www.sogalventures=, http://www.sogalventures="
www.facebook.c=,2,2,0.07262164124909223,,,,social_media,"https://www.facebook.c=, http://www.facebook.c="
www.facebo=,2,2,0.07262164124909223,,,,unknown,"https://www.facebo=, http://www.facebo="
www.fa=,2,2,0.07262164124909223,,,,unknown,"https://www.fa=, http://www.fa="
www.faceboo=,2,2,0.07262164124909223,,,,unknown,"https://www.faceboo=, http://www.faceboo="
www.facebook.com=,2,2,0.07262164124909223,,,,social_media,"http://www.facebook.com=, https://www.facebook.com="
www.facebook.=,2,2,0.07262164124909223,,,,social_media,"https://www.facebook.=, http://www.facebook.="
app.e2ma.net,2,2,0.07262164124909223,,,,unknown,"https://app.e2ma.net/app2/audience/signup/1856621/=, https://app.e2ma.net/app2/audience/signup/1="
r=,2,1,0.07262164124909223,,,,unknown,https://r=
www.thedailyupside.com,2,1,0.07262164124909223,,,,unknown,https://www.thedailyupside.com/
fitmind.us19.list-manage.com,2,2,0.07262164124909223,,,,unknown,"https://fitmind.us19.list-manage.com/p=, https://fitmind.us19.list-manage.com/uns="
mvp.dev,2,2,0.07262164124909223,,,,unknown,"https://mvp.dev/bubb=, https://mvp.dev/bubble-io"
u19474363.ct.sendgrid.net,2,1,0.07262164124909223,,,,unknown,https://u19474363.ct.sendgrid.net/wf/unsubscribe?upn=3DYSbL-2%3D
secure.helpscout.net,2,2,0.07262164124909223,,,,unknown,"https://secure.helpscout.net/satisfaction/2710=, https://secure.helpscout.net/satisfac="
pipedrive-mail-signature-live-fr.s3.=,2,1,0.07262164124909223,,,,unknown,https://pipedrive-mail-signature-live-fr.s3.=
theupstarters.com,2,2,0.07262164124909223,,,,unknown,"https://theupstarters.com, https://theupstarters.com/past-works"
cdn.mcauto-images-production.sendgrid.net,2,2,0.07262164124909223,,,,unknown,"http://cdn.mcauto-images-production.sendgrid.net/97e46bb=, http://cdn.mcauto-images-production.sendgrid.net/97e="
www.dot2globe.com,2,2,0.07262164124909223,,,,unknown,"https://www.dot2globe.com/, https://www.dot2globe.com"
u4155056.ct.sendgrid.net,2,2,0.07262164124909223,,,,unknown,"https://u4155056.ct.sendgrid.net/ls/click?upn=3Dbwi93xeksuGU26GkMY1owc6%3D, https://u4155056.ct.sendgrid.net/ls/click?upn=3D%3D"
wegetdesign.com,2,1,0.07262164124909223,,,,unknown,https://wegetdesign.com/
www.m=,2,2,0.07262164124909223,,,,unknown,"http://www.m=, https://www.m="
dev.zeroqode.com,2,1,0.07262164124909223,,,,unknown,https://dev.zeroqode.com/
pipedrive-m=,2,1,0.07262164124909223,,,,unknown,https://pipedrive-m=
pipedrive-mail-signature-live-fr.s3.eu-central-1.amazonaws.=,2,1,0.07262164124909223,,,,ecommerce,https://pipedrive-mail-signature-live-fr.s3.eu-central-1.amazonaws.=
zeroqode.=,2,1,0.07262164124909223,,,,unknown,https://zeroqode.=
us06web.zoom.us,2,2,0.07262164124909223,,,,unknown,"https://us06web.zoom.us/j/87607915615, https://us06web.zoom.us/u/kceFeBsNSJ"
ca=,2,1,0.07262164124909223,,,,unknown,https://ca=
support.goog=,2,1,0.07262164124909223,,,,unknown,https://support.goog=
calendly.c,2,1,0.07262164124909223,,,,unknown,https://calendly.c
calenda=,2,1,0.07262164124909223,,,,unknown,https://calenda=
calendar.g=,2,1,0.07262164124909223,,,,unknown,https://calendar.g=
www.uberconference.com,2,2,0.07262164124909223,,,,unknown,"https://www.uberconference.com/room/zeroqode, https://www.uberconference.com/room/z="
calendar.google.co,2,1,0.07262164124909223,,,,unknown,https://calendar.google.co
ycharts.com,2,2,0.07262164124909223,,,,unknown,"https://ycharts.com/s=, https://ycharts.com/store/start_trial_register"
lifehacker.com,2,2,0.07262164124909223,,,,unknown,"https://lifehacker.com/3-ingredient-dinner-recipes-for-when-youre-=, https://lifehacker.com/3-ingredient-dinne="
express.adobe.com,2,2,0.07262164124909223,,,,news_media,"https://express.adobe.com/sp/design-remix=, https://express.adobe.com/sp/design-remix/post/SevbnsWKaT="
www.bankdirector.com,2,2,0.07262164124909223,,,,financial,"https://www.bankdirector.com/issues/bank-=, https://www.bankdirector.com/issues/bank-ma/fintech-acquisitions-are-r="
www.financialsamurai.com,2,2,0.07262164124909223,,,,unknown,"https://www.financialsamurai.com/minimum-=, https://www.financialsamurai.com/minimum-income-necessary-to="
www.washingtonpost.com,2,2,0.07262164124909223,,,,news_media,"https://www.washingtonpost.com/dc-md-va/2=, https://www.washingtonpost.com/dc-md-va/2022/05/05/your-money-trouble-could-be-root="
www.sfgate.com,2,2,0.07262164124909223,,,,unknown,"https://www.sfgate.com/news/article/influencers-lead-Gen-Z-into-debt-171=, https://www.sfgate.com/news/article/influ="
profgmedia.com,2,2,0.07262164124909223,,,,news_media,"https://profgmedia.com/chart-of-the-week/, https://profgmedia.com/no-mercy-="
bigthink.com,2,2,0.07262164124909223,,,,unknown,"https://bigthink.com/ne=, https://bigthink.com/neuropsych/assholes-="
gettheelevator.com,2,2,0.07262164124909223,,,,unknown,"https://gettheelevator.com/archives, http://gettheelevator.com/editorial"
www.fatherly.com,2,2,0.07262164124909223,,,,unknown,"https://www.fatherly.com/life/outdoor-skills-every-kid-sho=, https://www.fatherly.com/life/outdoor-skills-every-kid-should-know"
rotdig.com,2,2,0.07262164124909223,,,,unknown,"http://rotdig.com/4icd, http://rotdig.com/7tox"
newsletter.gorick.com,2,2,0.07262164124909223,,,,news_media,"https://newsletter.gorick.com/p/career-change-at-37, https://newsletter.gorick.com/p/ask-gorick-from-corporate-to-solopreneur"
t.dripemail2.com,2,2,0.07262164124909223,,,,unknown,"https://t.dripemail2.com/c/eyJhbGciOiJIUzI1NiJ9.eyJhdWQiOiJkZXRvdXIiLCJpc=, https://t.dripemail2.com/c/eyJhbGciOiJIUzI1NiJ9.eyJhdW="
aws.amazon.com,2,2,0.07262164124909223,,,,ecommerce,"https://aws.amazon.com/support, https://aws.amazon.com/resources/"
www.wired.com,2,2,0.07262164124909223,,,,unknown,"https://www.wired.com/story/generative-ai-b=, https://www.wired.com/sto="
gatech.co1.qualtrics.com,2,2,0.07262164124909223,,,,unknown,"https://gatech.co1.qualtrics.com/jfe/form/SV_bO948Lve=, https://gatech.co1.qualtrics.com/jfe/form/SV_bO948Lvex0mCaou"
gtf.imodules.com,2,2,0.07262164124909223,,,,unknown,"https://gtf.imodules.com?sid=3D1481, https://gtf.imodules.com/controls/email_marketin="
magic.beehiiv.com,2,2,0.07262164124909223,,,,unknown,"https://magic.beehiiv.com/v1/faa6a747-8c1c=, https://magic.beehiiv.com/v1/faa6a747-8c1c-43c1-8155-91="
worksonmymachine.ai,2,2,0.07262164124909223,,,,unknown,"https://worksonmymachine.ai/p/mcp-an-accidentally-u=, https://worksonmymachine.ai/p/mcp-an-accidentally-unive="
www.oneusefulthing.org,2,2,0.07262164124909223,,,,unknown,"https://www.oneusefulthing.org/p/gpt-5-it-just-does=, https://www.oneusefulthing.org/p/gpt-5-it-just-does-stu="
smbtech.au,2,2,0.07262164124909223,,,,unknown,"https://smbtech.au/thought-leadership/exploring-the-impact-of-mcp-=, https://smbtech.au/thought-leadership/exploring-the-imp="
links.brendon.com,2,2,0.07262164124909223,,,,unknown,"https://links.brendon.com/a/329/unsubscribe/10490477/708551725/2323a0f5ae=, https://links.brendon.com/a/329/="
files.stripe.com,2,2,0.07262164124909223,,,,unknown,"https://files.stripe.com/files/MDB8YWNjdF8xTFY2RWt=, https://files.stripe.com/files/MDB8YWNjdF8xTFY2RWtKRUJ6UXBtQTR="
paykickstart.com,1,1,0.03631082062454612,,,,unknown,https://paykickstart.com/
id-mail-assets.prod.at=,1,1,0.03631082062454612,,,,unknown,https://id-mail-assets.prod.at=
id-mail-assets.=,1,1,0.03631082062454612,,,,unknown,https://id-mail-assets.=
id-mail-assets.prod.atl-paas.net,1,1,0.03631082062454612,,,,unknown,https://id-mail-assets.prod.atl-paas.net/shared/id-summit/id-summi=
coachingnocodeapps.acemlna.co=,1,1,0.03631082062454612,,,,unknown,https://coachingnocodeapps.acemlna.co=
coachingnocodeapps.aceml=,1,1,0.03631082062454612,,,,unknown,https://coachingnocodeapps.aceml=
link.mail.bloombe=,1,1,0.03631082062454612,,,,unknown,https://link.mail.bloombe=
link.mail=,1,1,0.03631082062454612,,,,unknown,https://link.mail=
link.mail.blo=,1,1,0.03631082062454612,,,,unknown,https://link.mail.blo=
link.mail.=,1,1,0.03631082062454612,,,,unknown,https://link.mail.=
www.bloomberg.com,1,1,0.03631082062454612,,,,news_media,https://www.bloomberg.com/opinion/articles/2020-05-26/twitter-spat-ov=
ponderwall.com,1,1,0.03631082062454612,,,,unknown,https://ponderwall.com/index.php/2019/06/=
link.mai=,1,1,0.03631082062454612,,,,unknown,https://link.mai=
link.=,1,1,0.03631082062454612,,,,unknown,https://link.=
link.mail.bloombergb=,1,1,0.03631082062454612,,,,news_media,https://link.mail.bloombergb=
humbledol=,1,1,0.03631082062454612,,,,unknown,https://humbledol=
dogoday.com,1,1,0.03631082062454612,,,,unknown,https://dogoday.com/2020/05/28/healthcare-heroes-small-door-wa=
itunes.apple.com,1,1,0.03631082062454612,,,,unknown,https://itunes.apple.com/us/podcast/founder-insights-podcast/id1441688684
www.u=,1,1,0.03631082062454612,,,,unknown,https://www.u=
emailda.com,1,1,0.03631082062454612,,,,unknown,http://emailda.com/)
www.onlinestartupevents.com,1,1,0.03631082062454612,,,,unknown,https://www.onlinestartupevents.com/)
www.lin=,1,1,0.03631082062454612,,,,unknown,https://www.lin=
app.p=,1,1,0.03631082062454612,,,,unknown,https://app.p=
www.capitalo=,1,1,0.03631082062454612,,,,unknown,https://www.capitalo=
www.capitalone.=,1,1,0.03631082062454612,,,,unknown,https://www.capitalone.=
link.mail.bloom=,1,1,0.03631082062454612,,,,unknown,https://link.mail.bloom=
lin=,1,1,0.03631082062454612,,,,unknown,https://lin=
link.m=,1,1,0.03631082062454612,,,,unknown,https://link.m=
e=,1,1,0.03631082062454612,,,,unknown,https://e=
5minutebookkeeping.=,1,1,0.03631082062454612,,,,unknown,http://5minutebookkeeping.=
www.sizeup.com,1,1,0.03631082062454612,,,,unknown,https://www.sizeup.com/help/faq
wellsfargoworks.co=,1,1,0.03631082062454612,,,,unknown,https://wellsfargoworks.co=
www.loom.co=,1,1,0.03631082062454612,,,,unknown,https://www.loom.co=
www.loom=,1,1,0.03631082062454612,,,,unknown,https://www.loom=
www.jhmediagroup.com,1,1,0.03631082062454612,,,,news_media,https://www.jhmediagroup.com
app.paykickstart.com=,1,1,0.03631082062454612,,,,unknown,https://app.paykickstart.com=
docs.googl=,1,1,0.03631082062454612,,,,unknown,https://docs.googl=
docs.google.=,1,1,0.03631082062454612,,,,unknown,https://docs.google.=
trello=,1,1,0.03631082062454612,,,,unknown,https://trello=
doc=,1,1,0.03631082062454612,,,,unknown,https://doc=
b=,1,1,0.03631082062454612,,,,unknown,https://b=
coachingnocod=,1,1,0.03631082062454612,,,,unknown,https://coachingnocod=
dashboard.coachingnocodeapps.c=,1,1,0.03631082062454612,,,,unknown,https://dashboard.coachingnocodeapps.c=
bts.th=,1,1,0.03631082062454612,,,,unknown,https://bts.th=
trell=,1,1,0.03631082062454612,,,,unknown,https://trell=
www.l=,1,1,0.03631082062454612,,,,unknown,https://www.l=
coac=,1,1,0.03631082062454612,,,,unknown,https://coac=
coachi=,1,1,0.03631082062454612,,,,unknown,https://coachi=
zoom=,1,1,0.03631082062454612,,,,unknown,https://zoom=
bts=,1,1,0.03631082062454612,,,,unknown,https://bts=
bts.thinkifi=,1,1,0.03631082062454612,,,,unknown,https://bts.thinkifi=
www.loom.com=,1,1,0.03631082062454612,,,,unknown,https://www.loom.com=
majorsperspective.blogspot.com,1,1,0.03631082062454612,,,,blog_platform,http://majorsperspective.blogspot.com/2009/07/taliban-code-of-conduct.html
www.loom.=,1,1,0.03631082062454612,,,,unknown,https://www.loom.=
coachingnocodeapps.wu=,1,1,0.03631082062454612,,,,unknown,https://coachingnocodeapps.wu=
cdn-images.mailchimp.=,1,1,0.03631082062454612,,,,unknown,https://cdn-images.mailchimp.=
cdn-images.mailch=,1,1,0.03631082062454612,,,,unknown,https://cdn-images.mailch=
saastr.us=,1,1,0.03631082062454612,,,,unknown,http://saastr.us=
saastr.us9.list-manag=,1,1,0.03631082062454612,,,,unknown,http://saastr.us9.list-manag=
saastr.us9.list-mana=,1,1,0.03631082062454612,,,,unknown,http://saastr.us9.list-mana=
us9.campaign-archive2.com,1,1,0.03631082062454612,,,,unknown,http://us9.campaign-archive2.com/?u=3Db25%3D
saastr.us9.list=,1,1,0.03631082062454612,,,,unknown,http://saastr.us9.list=
www.lo=,1,1,0.03631082062454612,,,,unknown,https://www.lo=
us02web.zoom.us,1,1,0.03631082062454612,,,,unknown,https://us02web.zoom.us/j/85395866713
www.google.co=,1,1,0.03631082062454612,,,,unknown,https://www.google.co=
www.,1,1,0.03631082062454612,,,,unknown,https://www.
s=,1,1,0.03631082062454612,,,,unknown,http://s=
coachingnocodeap=,1,1,0.03631082062454612,,,,unknown,https://coachingnocodeap=
v2uploads.zopim.io,1,1,0.03631082062454612,,,,unknown,https://v2uploads.zopim.io/R/m/R/RmREdxtJY6wntrxzsaDPMTQeaAlLN7H0/cf=
thegatheringspot.club),1,1,0.03631082062454612,,,,unknown,http://thegatheringspot.club)
humbledolla=,1,1,0.03631082062454612,,,,unknown,https://humbledolla=
linkmktg.cutimes.c=,1,1,0.03631082062454612,,,,news_media,https://linkmktg.cutimes.c=
linkmktg.cut=,1,1,0.03631082062454612,,,,unknown,https://linkmktg.cut=
linkmktg.cutimes.com=,1,1,0.03631082062454612,,,,news_media,https://linkmktg.cutimes.com=
linkmktg.=,1,1,0.03631082062454612,,,,unknown,https://linkmktg.=
mapped.rocks,1,1,0.03631082062454612,,,,unknown,https://mapped.rocks
di209.infusion=,1,1,0.03631082062454612,,,,unknown,https://di209.infusion=
d1yo=,1,1,0.03631082062454612,,,,unknown,https://d1yo=
di209=,1,1,0.03631082062454612,,,,unknown,https://di209=
uncrate.us=,1,1,0.03631082062454612,,,,unknown,https://uncrate.us=
uncrate.us1.list-manage.=,1,1,0.03631082062454612,,,,unknown,https://uncrate.us1.list-manage.=
uncrate=,1,1,0.03631082062454612,,,,unknown,https://uncrate=
uncrate.us1.=,1,1,0.03631082062454612,,,,unknown,https://uncrate.us1.=
cdn.shopify.com,1,1,0.03631082062454612,,,,ecommerce,https://cdn.shopify.com/s/files/1/0248/6216/pr=
uncrate.us1=,1,1,0.03631082062454612,,,,unknown,https://uncrate.us1=
uncrate.us1.list=,1,1,0.03631082062454612,,,,unknown,https://uncrate.us1.list=
uncrate.us1.list-manag=,1,1,0.03631082062454612,,,,unknown,https://uncrate.us1.list-manag=
uncrate.us1.li=,1,1,0.03631082062454612,,,,unknown,https://uncrate.us1.li=
unc=,1,1,0.03631082062454612,,,,unknown,https://unc=
uncrate.us1.list-=,1,1,0.03631082062454612,,,,unknown,https://uncrate.us1.list-=
uncrate.us1.l=,1,1,0.03631082062454612,,,,unknown,https://uncrate.us1.l=
uncrate.us1.lis=,1,1,0.03631082062454612,,,,unknown,https://uncrate.us1.lis=
us1.forward-to-friend.com,1,1,0.03631082062454612,,,,unknown,http://us1.forward-to-friend.com/forward?u=3D125c5c58%3D
uncrate.us1.list-mana=,1,1,0.03631082062454612,,,,unknown,https://uncrate.us1.list-mana=
uncrate.us1.list-m=,1,1,0.03631082062454612,,,,unknown,https://uncrate.us1.list-m=
us1.campa=,1,1,0.03631082062454612,,,,unknown,https://us1.campa=
uncrate.us1.list-ma=,1,1,0.03631082062454612,,,,unknown,https://uncrate.us1.list-ma=
uncrate.us1.list-manage.com=,1,1,0.03631082062454612,,,,unknown,https://uncrate.us1.list-manage.com=
uncrate.us1.list-manage.c=,1,1,0.03631082062454612,,,,unknown,https://uncrate.us1.list-manage.c=
uncrate.us1.list-man=,1,1,0.03631082062454612,,,,unknown,https://uncrate.us1.list-man=
newsletter.epsilo=,1,1,0.03631082062454612,,,,news_media,http://newsletter.epsilo=
email.mg2.=,1,1,0.03631082062454612,,,,unknown,https://email.mg2.=
email.mg2.substa=,1,1,0.03631082062454612,,,,unknown,https://email.mg2.substa=
email.mg2.substack.=,1,1,0.03631082062454612,,,,blog_platform,https://email.mg2.substack.=
email.m=,1,1,0.03631082062454612,,,,unknown,https://email.m=
www.dandapani.org,1,1,0.03631082062454612,,,,unknown,https://www.dandapani.org
info.blackswa=,1,1,0.03631082062454612,,,,unknown,https://info.blackswa=
eventing.coursera.or=,1,1,0.03631082062454612,,,,educational,https://eventing.coursera.or=
eventing.cou=,1,1,0.03631082062454612,,,,unknown,https://eventing.cou=
eventing.courser=,1,1,0.03631082062454612,,,,educational,https://eventing.courser=
eventing.c=,1,1,0.03631082062454612,,,,unknown,https://eventing.c=
eventing.coursera.=,1,1,0.03631082062454612,,,,educational,https://eventing.coursera.=
eventing.coursera.org=,1,1,0.03631082062454612,,,,educational,https://eventing.coursera.org=
www.techcrunch.com,1,1,0.03631082062454612,,,,unknown,https://www.techcrunch.com
membershipsupport.secure.force.com,1,1,0.03631082062454612,,,,unknown,https://membershipsupport.secure.force.com/ExtraCrunchHelp/
fs.blog,1,1,0.03631082062454612,,,,blog_platform,https://fs.blog/newsletter/?rh_ref=3D5e684429
go.pardot.com,1,1,0.03631082062454612,,,,unknown,https://go.pardot.com/unsubscribe/u/12322/9=
tx227.infusionsoft.app,1,1,0.03631082062454612,,,,unknown,https://tx227.infusionsoft.app/app/linkClick/6=?cookieUUID=f71760a2-b9fe-42f2-894f-970912b398a5
tx227.infu=,1,1,0.03631082062454612,,,,unknown,https://tx227.infu=
newsletter.epsilontheory.co=,1,1,0.03631082062454612,,,,news_media,http://newsletter.epsilontheory.co=
cdn.finan=,1,1,0.03631082062454612,,,,unknown,https://cdn.finan=
links.fb=,1,1,0.03631082062454612,,,,unknown,https://links.fb=
unsubscribe.fourhourmail.com,1,1,0.03631082062454612,,,,unknown,https://unsubscribe.fourhourmail.com/5qud3zmq3qu7h3m763al
www.ribbonfarm.com,1,1,0.03631082062454612,,,,unknown,https://www.ribbonfarm.com/2009/08/19/on=
www.restaurantbusinessonline.com,1,1,0.03631082062454612,,,,unknown,https://www.restaurantbusinessonline.com/operations/farewell-let=
ofdollarsa=,1,1,0.03631082062454612,,,,unknown,https://ofdollarsa=
breakingthemarket.com,1,1,0.03631082062454612,,,,unknown,https://breakingthemarket.com/what-four-wise-investors-teach-=
econompicdata.blogspot.com,1,1,0.03631082062454612,,,,blog_platform,http://econompicdata.blogspot.com/2020/11/the-case-against=
t.sidekickopen83.com,1,1,0.03631082062454612,,,,unknown,https://t.sidekickopen83.com/s1t/c/5/f18dQhb0S=
kylasca=,1,1,0.03631082062454612,,,,unknown,https://kylasca=
lt3000.blogspot.com,1,1,0.03631082062454612,,,,blog_platform,https://lt3000.blogspot.com/2020/11/unravelling-valu=
t.sidekickopen83.=,1,1,0.03631082062454612,,,,unknown,https://t.sidekickopen83.=
www.i=,1,1,0.03631082062454612,,,,unknown,https://www.i=
www.re=,1,1,0.03631082062454612,,,,unknown,https://www.re=
ma=,1,1,0.03631082062454612,,,,unknown,https://ma=
mai=,1,1,0.03631082062454612,,,,unknown,https://mai=
mailchi.us3.li=,1,1,0.03631082062454612,,,,unknown,https://mailchi.us3.li=
mailchi.us3.lis=,1,1,0.03631082062454612,,,,unknown,https://mailchi.us3.lis=
links.fbztrk.c=,1,1,0.03631082062454612,,,,unknown,https://links.fbztrk.c=
links.fbztrk.=,1,1,0.03631082062454612,,,,unknown,https://links.fbztrk.=
mailchi.us3.list-ma=,1,1,0.03631082062454612,,,,unknown,https://mailchi.us3.list-ma=
mailchi.us=,1,1,0.03631082062454612,,,,unknown,https://mailchi.us=
mailchi.us3.list-manage.c=,1,1,0.03631082062454612,,,,unknown,https://mailchi.us3.list-manage.c=
mailchi.us3.list-manag=,1,1,0.03631082062454612,,,,unknown,https://mailchi.us3.list-manag=
humbl=,1,1,0.03631082062454612,,,,unknown,https://humbl=
www.gotowebinar.com,1,1,0.03631082062454612,,,,unknown,https://www.gotowebinar.com
www.gotowebinar.com__;!!ENSHsYdSoey7eA!oIDHAAfimgQ=,1,1,0.03631082062454612,,,,unknown,https://www.gotowebinar.com__;!!ENSHsYdSoey7eA!oIDHAAfimgQ=
urldefense.com=,1,1,0.03631082062454612,,,,unknown,https://urldefense.com=
mitsmr.co=,1,1,0.03631082062454612,,,,unknown,https://mitsmr.co=
www.gotowebinar.com__;!!ENSHsYdSoey7eA!oIDHAA=,1,1,0.03631082062454612,,,,unknown,https://www.gotowebinar.com__;!!ENSHsYdSoey7eA!oIDHAA=
mitsmr.com,1,1,0.03631082062454612,,,,unknown,https://mitsmr.com/38L1Zmc
urldefen=,1,1,0.03631082062454612,,,,unknown,https://urldefen=
www.meetelise.com,1,1,0.03631082062454612,,,,unknown,https://www.meetelise.com/)
www.silascapital.com,1,1,0.03631082062454612,,,,unknown,https://www.silascapital.com/=
www.mymyro.com,1,1,0.03631082062454612,,,,unknown,https://www.mymyro.com/)
wwd.com,1,1,0.03631082062454612,,,,unknown,https://wwd.com/beauty-industry-news/beauty-features/ceremoni=
nori.com,1,1,0.03631082062454612,,,,unknown,https://nori.com/)
boards.gree=,1,1,0.03631082062454612,,,,unknown,https://boards.gree=
beliade.com,1,1,0.03631082062454612,,,,unknown,https://beliade.com/)
finmark.com,1,1,0.03631082062454612,,,,unknown,https://finmark.com/)
g=,1,1,0.03631082062454612,,,,unknown,https://g=
hello546377.typeform.com,1,1,0.03631082062454612,,,,unknown,https://hello546377.typeform.com/to/J4JERBtv)
email.mg=,1,1,0.03631082062454612,,,,unknown,https://email.mg=
email.mg2.substack=,1,1,0.03631082062454612,,,,blog_platform,https://email.mg2.substack=
email.mg2=,1,1,0.03631082062454612,,,,unknown,https://email.mg2=
email.mg2.sub=,1,1,0.03631082062454612,,,,unknown,https://email.mg2.sub=
email.mg2.subs=,1,1,0.03631082062454612,,,,unknown,https://email.mg2.subs=
email.mg2.subst=,1,1,0.03631082062454612,,,,unknown,https://email.mg2.subst=
hebrewslangoftheday.tumblr.com=,1,1,0.03631082062454612,,,,unknown,https://hebrewslangoftheday.tumblr.com=
apnews.com,1,1,0.03631082062454612,,,,news_media,https://apnews.com/article/middle-east-062e6baf13e774f30c4e697cb9f2=
www.axios.com,1,1,0.03631082062454612,,,,unknown,https://www.axios.com/u=
nextdraft.com=,1,1,0.03631082062454612,,,,unknown,https://nextdraft.com=
www.amazon.com,1,1,0.03631082062454612,,,,ecommerce,https://www.amazon.com/Detectorists-BBC-Series/dp/B06XC=
www.theverge.com=,1,1,0.03631082062454612,,,,unknown,https://www.theverge.com=
www.yahoo.com,1,1,0.03631082062454612,,,,unknown,https://www.yahoo.com/news/20-foot-sea-wall-miami-120248771=
nextdraft.us2.list-manage.com,1,1,0.03631082062454612,,,,unknown,https://nextdraft.us2.list-manage.com/unsubscribe?u=3Ded102783e87fe%3D
www.vox=,1,1,0.03631082062454612,,,,unknown,https://www.vox=
www.baltimor=,1,1,0.03631082062454612,,,,unknown,https://www.baltimor=
cottonbureau.com,1,1,0.03631082062454612,,,,unknown,https://cottonbureau.com/stores/=
nextdraft.com),1,1,0.03631082062454612,,,,unknown,https://nextdraft.com)
nextdr=,1,1,0.03631082062454612,,,,unknown,https://nextdr=
t.e=,1,1,0.03631082062454612,,,,unknown,https://t.e=
cu262.files.keap.app,1,1,0.03631082062454612,,,,unknown,https://cu262.files.keap.app/cu262/c60cfb7c-a2b9-4c=
cu262.infusion-links=,1,1,0.03631082062454612,,,,unknown,https://cu262.infusion-links=
cu262.infusio=,1,1,0.03631082062454612,,,,unknown,https://cu262.infusio=
cu262.files.kea=,1,1,0.03631082062454612,,,,unknown,https://cu262.files.kea=
cu262.infusion-=,1,1,0.03631082062454612,,,,unknown,https://cu262.infusion-=
cu26=,1,1,0.03631082062454612,,,,unknown,https://cu26=
ofdollarsandd=,1,1,0.03631082062454612,,,,unknown,https://ofdollarsandd=
theirrelevantinvestor.com,1,1,0.03631082062454612,,,,unknown,https://theirrelevantinvestor.com/2021/06/17/bli=
www.thedailyups=,1,1,0.03631082062454612,,,,unknown,https://www.thedailyups=
www.morningstar.com,1,1,0.03631082062454612,,,,unknown,https://www.morningstar.com/articles/868718/get-financial-advice-first-inve=
www.fitmind.co),1,1,0.03631082062454612,,,,unknown,https://www.fitmind.co)
positivepsychology.com,1,1,0.03631082062454612,,,,unknown,https://positivepsychology.com/positive-psychology-an-introduct=
www.ted.com,1,1,0.03631082062454612,,,,unknown,https://www.ted.com/talks/andrey=
fitmi=,1,1,0.03631082062454612,,,,unknown,https://fitmi=
apps.apple.com,1,1,0.03631082062454612,,,,unknown,https://apps.apple.com/us/a=
elemental.medium.com,1,1,0.03631082062454612,,,,blog_platform,https://elemental.medium.com/the-cognition-crisis-a1482e889fcb)=
fitmind.us19.=,1,1,0.03631082062454612,,,,unknown,https://fitmind.us19.=
bklyn.co,1,1,0.03631082062454612,,,,unknown,https://bklyn.co/projects
forms.gle,1,1,0.03631082062454612,,,,unknown,https://forms.gle/PyVMPZZSA2p9pYDt5
medequiptech.io,1,1,0.03631082062454612,,,,unknown,https://medequiptech.io/
app.konstructly.com,1,1,0.03631082062454612,,,,unknown,http://app.konstructly.com/
bids.sweptworks.com,1,1,0.03631082062454612,,,,unknown,http://bids.sweptworks.com/
secure.helpscout.net=,1,1,0.03631082062454612,,,,unknown,https://secure.helpscout.net=
83e2cf20-a0d2-4584-b6=,1,1,0.03631082062454612,,,,unknown,https://83e2cf20-a0d2-4584-b6=
mailtra=,1,1,0.03631082062454612,,,,unknown,https://mailtra=
www.rapidevelopers.com%2F&userId=6949073&signature=1593b387c66c36e3,1,1,0.03631082062454612,,,,unknown,https://www.rapidevelopers.com%2F&userId=6949073&signature=1593b387c66c36e3
www.loom.com%2Fshare%2F12e0c64602b14cee8dff8585e988557c&userId=6949073&signature=4a9f8d15260c699d,1,1,0.03631082062454612,,,,unknown,https://www.loom.com%2Fshare%2F12e0c64602b14cee8dff8585e988557c&userId=6949073&signature=4a9f8d15260c699d
www.loom.com%2Fshare%2F12e0c64602b14cee8dff8585e988557c&amp;userId=3D694=,1,1,0.03631082062454612,,,,unknown,https://www.loom.com%2Fshare%2F12e0c64602b14cee8dff8585e988557c&amp;userId=3D694=
www.loom.com%2Fshare%2F12=,1,1,0.03631082062454612,,,,unknown,https://www.loom.com%2Fshare%2F12=
www.rapidevelopers.co=,1,1,0.03631082062454612,,,,unknown,https://www.rapidevelopers.co=
www.loom.com%2Fshare%2F12e0c64602b14cee8dff8585e988557c&userId=6949073&signature=8b30ac91398445e1,1,1,0.03631082062454612,,,,unknown,https://www.loom.com%2Fshare%2F12e0c64602b14cee8dff8585e988557c&userId=6949073&signature=8b30ac91398445e1
www.rapidevelopers.com%2F&userId=6949073&signature=7e930d3fffb557ca,1,1,0.03631082062454612,,,,unknown,https://www.rapidevelopers.com%2F&userId=6949073&signature=7e930d3fffb557ca
mailtrack.io=,1,1,0.03631082062454612,,,,unknown,https://mailtrack.io=
gmpg.org,1,1,0.03631082062454612,,,,unknown,https://gmpg.org/xfn/11
email.mailgun.ncubesoftware.com,1,1,0.03631082062454612,,,,unknown,http://email.mailgun.ncubesoftware.com/o/eJwdzEsOw=
ncubesof=,1,1,0.03631082062454612,,,,unknown,https://ncubesof=
ncubesoftware=,1,1,0.03631082062454612,,,,unknown,https://ncubesoftware=
www.ghostqode.com%2F&userId=6753433&signature=f7921d80707a40e3,1,1,0.03631082062454612,,,,blog_platform,https://www.ghostqode.com%2F&userId=6753433&signature=f7921d80707a40e3
www.ghostqode.com%2F&userId=6753433&signature=f170c5d3615d92d6,1,1,0.03631082062454612,,,,blog_platform,https://www.ghostqode.com%2F&userId=6753433&signature=f170c5d3615d92d6
www.ubtagency.com%2F&userId=6753433&signature=7e1e413767340847,1,1,0.03631082062454612,,,,unknown,https://www.ubtagency.com%2F&userId=6753433&signature=7e1e413767340847
www.ghostqode.com,1,1,0.03631082062454612,,,,blog_platform,https://www.ghostqode.com
t.sidekickopen77.com,1,1,0.03631082062454612,,,,unknown,https://t.sidekickopen77.com/s1t/c/5/f18dQhb0S7lM8dDMPbW2n0x6l2B9nMJN7t5XWPdSD1CW3N1Dyx7fJ_ZTV1pVxX5XTBkg103?te=W3R5hFj4cm2zwW3_SMKM3T1k87W1JzCRv4cNDSbW1JxwY51LxhDP39Jy2&si=8000000000676731&pi=6e96cc27-fcd4-433f-e480-4fe595987c40
url651=,1,1,0.03631082062454612,,,,unknown,http://url651=
www.burritoapps.com,1,1,0.03631082062454612,,,,unknown,https://www.burritoapps.com
t.sidekickopen16.com,1,1,0.03631082062454612,,,,unknown,https://t.sidekickopen16.com/s3t/c/5/f18dQhb0S7kF8cFt9DW5HmNwP2zGCwVN8Jbw_=
welovenocode.com,1,1,0.03631082062454612,,,,unknown,https://welovenocode.com/
u4155056.ct.sendgri=,1,1,0.03631082062454612,,,,unknown,https://u4155056.ct.sendgri=
www.hubspot.com,1,1,0.03631082062454612,,,,unknown,https://www.hubspot.com/email-signature-generator
www.stayshure.com,1,1,0.03631082062454612,,,,unknown,https://www.stayshure.com
mindforap=,1,1,0.03631082062454612,,,,unknown,https://mindforap=
mindforapps.=,1,1,0.03631082062454612,,,,unknown,https://mindforapps.=
83e2cf20-a0d2-4584-b67b-de0ac8604e6e.pipedrive.=,1,1,0.03631082062454612,,,,unknown,https://83e2cf20-a0d2-4584-b67b-de0ac8604e6e.pipedrive.=
calendly.co=,1,1,0.03631082062454612,,,,unknown,https://calendly.co=
schema.or=,1,1,0.03631082062454612,,,,unknown,http://schema.or=
us06web.zoom.=,1,1,0.03631082062454612,,,,unknown,https://us06web.zoom.=
calendly=,1,1,0.03631082062454612,,,,unknown,https://calendly=
www.uberconference.,1,1,0.03631082062454612,,,,unknown,https://www.uberconference.
calendar.go=,1,1,0.03631082062454612,,,,unknown,https://calendar.go=
calendar.google.co=,1,1,0.03631082062454612,,,,unknown,https://calendar.google.co=
su=,1,1,0.03631082062454612,,,,unknown,https://su=
schema.o=,1,1,0.03631082062454612,,,,unknown,http://schema.o=
www.uberconference=,1,1,0.03631082062454612,,,,unknown,https://www.uberconference=
www.uberconference.com%2Froom%2Fzeroqode&amp;sa=,1,1,0.03631082062454612,,,,unknown,https://www.uberconference.com%2Froom%2Fzeroqode&amp;sa=
sche=,1,1,0.03631082062454612,,,,unknown,http://sche=
me,1,1,0.03631082062454612,,,,unknown,https://me
cale=,1,1,0.03631082062454612,,,,unknown,https://cale=
www.google.com=,1,1,0.03631082062454612,,,,unknown,https://www.google.com=
calendly.,1,1,0.03631082062454612,,,,unknown,https://calendly.
meet,1,1,0.03631082062454612,,,,unknown,https://meet
me=,1,1,0.03631082062454612,,,,unknown,https://me=
url6515.burritoapps.c=,1,1,0.03631082062454612,,,,unknown,http://url6515.burritoapps.c=
mailfoogae.app=,1,1,0.03631082062454612,,,,unknown,https://mailfoogae.app=
therapackelawgroup.lt.acemlnb.com,1,1,0.03631082062454612,,,,unknown,https://therapackelawgroup.lt.acemlnb.com/Prod/link-tracker?redirectUrl=aHR0cHMlM0ElMkYlMkZ3d3cuZmFjZWJvb2suY29tJTJGcmFwYWNrZWxhd2dyb3VwJTJGJTNGdXRtX3NvdXJjZSUzREFjdGl2ZUNhbXBhaWduJTI2dXRtX21lZGl1bSUzRGVtYWlsJTI2dXRtX2NvbnRlbnQlM0QlMjVGMCUyNTlGJTI1OTMlMjU4OCUyQlBhdGVudHMlMkJmb3IlMkJGaW5UZWNoJTJCU29mdHdhcmUlMjZ1dG1fY2FtcGFpZ24lM0RQYXRlbnRzJTJCZm9yJTJCRmluVGVjaCUyQlNvZnR3YXJl&a=649239195&account=therapackelawgroup.activehosted.com&email=2mKAbO5sD%2FHMKnB28cyXw%2B%2FsXcAXxHIDWq7%2B9ws%2F4%2BA%3D&s=d2f60c417eecb32534391d80e39b8c09&i=201A605A12A1084
therapackelawgroup.activehosted.com,1,1,0.03631082062454612,,,,unknown,http://therapackelawgroup.activehosted.com/proc.php?nl=12&amp%3Bc=201&amp%3Bm=605&amp%3Bs=d2f60c417eecb32534391d80e39b8c09&amp%3Bact=unsub
url6515.burrit=,1,1,0.03631082062454612,,,,unknown,http://url6515.burrit=
url6515.burritoapps=,1,1,0.03631082062454612,,,,unknown,http://url6515.burritoapps=
83e2cf20-a0d2-4584-b67b-de0ac8604e6e.=,1,1,0.03631082062454612,,,,unknown,https://83e2cf20-a0d2-4584-b67b-de0ac8604e6e.=
devzeroqode.com,1,1,0.03631082062454612,,,,unknown,https://devzeroqode.com/
mind=,1,1,0.03631082062454612,,,,unknown,https://mind=
m=,1,1,0.03631082062454612,,,,unknown,https://m=
www.notboring.co,1,1,0.03631082062454612,,,,unknown,https://www.notboring.co/p/status-monke=
tracewealthadvisors.c=,1,1,0.03631082062454612,,,,financial,https://tracewealthadvisors.c=
ofdolla=,1,1,0.03631082062454612,,,,unknown,https://ofdolla=
di209.infu=,1,1,0.03631082062454612,,,,unknown,https://di209.infu=
di209.=,1,1,0.03631082062454612,,,,unknown,https://di209.=
di2=,1,1,0.03631082062454612,,,,unknown,https://di2=
di209.files.keap.app,1,1,0.03631082062454612,,,,unknown,https://di209.files.keap.app/di209/c437565a-2c99-4d60=
mailchi.us3.=,1,1,0.03631082062454612,,,,unknown,https://mailchi.us3.=
mailchi.us3.list-m=,1,1,0.03631082062454612,,,,unknown,https://mailchi.us3.list-m=
sailthru-media.s3.amazo=,1,1,0.03631082062454612,,,,news_media,https://sailthru-media.s3.amazo=
sailthru-media.s3.amazon=,1,1,0.03631082062454612,,,,news_media,https://sailthru-media.s3.amazon=
sailthru-media.s3.amazonaws=,1,1,0.03631082062454612,,,,news_media,https://sailthru-media.s3.amazonaws=
www.epsilontheor=,1,1,0.03631082062454612,,,,unknown,https://www.epsilontheor=
www.epsilontheory.co=,1,1,0.03631082062454612,,,,unknown,https://www.epsilontheory.co=
www.wsj=,1,1,0.03631082062454612,,,,unknown,https://www.wsj=
tt.loopnews.=,1,1,0.03631082062454612,,,,news_media,https://tt.loopnews.=
www.npr.org,1,1,0.03631082062454612,,,,unknown,https://www.npr.org/sections/goatsandsoda/2020/04/15/834666123/trump-and=
www.who.int,1,1,0.03631082062454612,,,,unknown,https://www.who.int/publications/m/item/covid-19-v=
app.kajabi.com,1,1,0.03631082062454612,,,,unknown,https://app.kajabi.com/members/BAhbB2wrB2DECIFVOiBBY3RpdmVTdXBwb3J0OjpUaW1lV2l0aFpvbmVbCEl1OglUaW1lDc+XHsD86tYICToNbmFub19udW1pAo8COg1uYW5vX2RlbmkGOg1zdWJtaWNybyIHZVA6CXpvbmVJIghVVEMGOgZFRkkiCFVUQwY7C1RACw==--10efba8a6dcc6e65b7e639dae36f6cfc32946204/settings
www.coindesk.com,1,1,0.03631082062454612,,,,unknown,https://www.coindesk.com/layer2/privacywe=
go.bu=,1,1,0.03631082062454612,,,,unknown,https://go.bu=
hum=,1,1,0.03631082062454612,,,,unknown,https://hum=
humb=,1,1,0.03631082062454612,,,,unknown,https://humb=
www.instagram.=,1,1,0.03631082062454612,,,,social_media,https://www.instagram.=
www.sphero.com,1,1,0.03631082062454612,,,,unknown,https://www.sphero.com
swiftle.io,1,1,0.03631082062454612,,,,unknown,https://swiftle.io/
i.imgur.=,1,1,0.03631082062454612,,,,unknown,https://i.imgur.=
www.canva.com,1,1,0.03631082062454612,,,,unknown,https://www.canva.com/
links.profgalloway.com,1,1,0.03631082062454612,,,,unknown,https://links.profgalloway.com/e/=
www.section4.com,1,1,0.03631082062454612,,,,unknown,https://www.section4.com/
www.section=,1,1,0.03631082062454612,,,,unknown,https://www.section=
bubblehelpers.us14.list-manage=,1,1,0.03631082062454612,,,,unknown,https://bubblehelpers.us14.list-manage=
bubblehelpers.us1=,1,1,0.03631082062454612,,,,unknown,https://bubblehelpers.us1=
bubblehelpers.us14.list=,1,1,0.03631082062454612,,,,unknown,https://bubblehelpers.us14.list=
bubblehelpers.us14.list-manage.c=,1,1,0.03631082062454612,,,,unknown,https://bubblehelpers.us14.list-manage.c=
laughingsquid.com,1,1,0.03631082062454612,,,,unknown,https://laughingsquid.com/origami-video-tutorials/=
www.creativebloq.com,1,1,0.03631082062454612,,,,unknown,https://www.creativebloq.com/news/m=
www.theguardian=,1,1,0.03631082062454612,,,,unknown,https://www.theguardian=
www.fo=,1,1,0.03631082062454612,,,,unknown,https://www.fo=
win.gettheelevator.com,1,1,0.03631082062454612,,,,unknown,https://win.gettheelevator.com/ppy
www.theguardian.com,1,1,0.03631082062454612,,,,unknown,https://www.theguardian.com/news/2022/may/26/mea=
www.rotarydigital.net,1,1,0.03631082062454612,,,,unknown,https://www.rotarydigital.net/jobs
melmagazine.com,1,1,0.03631082062454612,,,,unknown,https://melmagazine.com/en-us/story/leggo-my-=
www.thecoolist.com,1,1,0.03631082062454612,,,,unknown,https://www.thecoolist.com/longest-bridge-in-the-world/
www.foodandwine.com,1,1,0.03631082062454612,,,,unknown,https://www.foodandwine.com/travel/best-=
elevator.updatemyprofile.com,1,1,0.03631082062454612,,,,unknown,https://elevator.updatemyprofile.com/t-qddhrit-=
elevator.cmail20.com=,1,1,0.03631082062454612,,,,unknown,https://elevator.cmail20.com=
www.artofmanliness.com,1,1,0.03631082062454612,,,,unknown,https://www.artofmanliness.com/skills/manly-know-=
www.fastcompany.com,1,1,0.03631082062454612,,,,unknown,https://www.fastcompany.com/90755870/8-tips-for-starting-=
digg.com,1,1,0.03631082062454612,,,,unknown,https://digg.com/cul=
www.thetakeout.com:443,1,1,0.03631082062454612,,,,unknown,https://www.thetakeout.com:443/the-beer-myth-that-=/
discord.supabase.com,1,1,0.03631082062454612,,,,unknown,https://discord.supabase.com/
email.mail.spiffy.co,1,1,0.03631082062454612,,,,unknown,https://email.mail.spiffy.co/=
email.mail.spi=,1,1,0.03631082062454612,,,,unknown,https://email.mail.spi=
static.spiffy.co,1,1,0.03631082062454612,,,,unknown,https://static.spiffy.co/2840/62d6b9cae96d721f4fec768e5cb90be7a2d61a0e=
lh7-rt.googleusercontent.com,1,1,0.03631082062454612,,,,unknown,https://lh7-rt.googleusercontent.com/docsz/AD_4nXe_LHUOYBdx0Kw=
ampsp.webengage.c=,1,1,0.03631082062454612,,,,unknown,https://ampsp.webengage.c=
online.lifelonglearning.jhu.edu,1,1,0.03631082062454612,,,,educational,https://online.lifelonglearning.jhu.edu/jhu-certifica=
c.webengage.com,1,1,0.03631082062454612,,,,unknown,https://c.webengage.com/lw/g1.jpg=3Fp=
efiles.webengage.=,1,1,0.03631082062454612,,,,unknown,https://efiles.webengage.=
ampsp.weben=,1,1,0.03631082062454612,,,,unknown,https://ampsp.weben=
www.aws=,1,1,0.03631082062454612,,,,unknown,https://www.aws=
console.aws.amazon.com,1,1,0.03631082062454612,,,,ecommerce,https://console.aws.amazon.com/=
p6li1chk.r.us=,1,1,0.03631082062454612,,,,unknown,https://p6li1chk.r.us=
m.media-amazon.com,1,1,0.03631082062454612,,,,news_media,https://m.media-amazon.com/images/G/01/amazonwebservices/=
www.aws.amazon.com,1,1,0.03631082062454612,,,,ecommerce,https://www.aws.amazon.com
www.twitch.tv%2Faws,1,1,0.03631082062454612,,,,unknown,https://www.twitch.tv%2Faws/1/01000197c2a5b31b-910657f7-ad0e-494c-88=
console=,1,1,0.03631082062454612,,,,unknown,https://console=
p6l=,1,1,0.03631082062454612,,,,unknown,http://p6l=
p6li1chk.r.us-east-1.awstrac=,1,1,0.03631082062454612,,,,unknown,http://p6li1chk.r.us-east-1.awstrac=
p6li1chk.r.us-east-1=,1,1,0.03631082062454612,,,,unknown,http://p6li1chk.r.us-east-1=
p6=,1,1,0.03631082062454612,,,,unknown,https://p6=
p6li1chk.r.us-e=,1,1,0.03631082062454612,,,,unknown,https://p6li1chk.r.us-e=
www.fillo=,1,1,0.03631082062454612,,,,unknown,https://www.fillo=
yourdomain.com),1,1,0.03631082062454612,,,,unknown,https://yourdomain.com)
for=,1,1,0.03631082062454612,,,,unknown,https://for=
forms.gorick.c=,1,1,0.03631082062454612,,,,unknown,https://forms.gorick.c=
www.beehiiv.com,1,1,0.03631082062454612,,,,unknown,https://www.beehiiv.com/
paidfor=,1,1,0.03631082062454612,,,,unknown,https://paidfor=
paidforpeace=,1,1,0.03631082062454612,,,,unknown,https://paidforpeace=
s3.amazonaw=,1,1,0.03631082062454612,,,,ecommerce,https://s3.amazonaw=
www.youtub=,1,1,0.03631082062454612,,,,unknown,https://www.youtub=
www.youtube.co=,1,1,0.03631082062454612,,,,social_media,https://www.youtube.co=
u5729963.ct.sendgrid.net,1,1,0.03631082062454612,,,,unknown,https://u5729963.ct.sendgrid.net/ls/click?upn=3Du001.nc%3D
www.gtalumni.org=20,1,1,0.03631082062454612,,,,unknown,https://www.gtalumni.org=20
inst=,1,1,0.03631082062454612,,,,unknown,http://inst=
www.faceb=,1,1,0.03631082062454612,,,,unknown,https://www.faceb=
securelb.imo=,1,1,0.03631082062454612,,,,unknown,https://securelb.imo=
www.gtalumni.=,1,1,0.03631082062454612,,,,unknown,https://www.gtalumni.=
gatec=,1,1,0.03631082062454612,,,,unknown,https://gatec=
gatech.co1.qualtric=,1,1,0.03631082062454612,,,,unknown,https://gatech.co1.qualtric=
link.gtalumni.org,1,1,0.03631082062454612,,,,unknown,http://link.gtalumni.org/wf=
www.f=,1,1,0.03631082062454612,,,,unknown,https://www.f=
securelb.imod=,1,1,0.03631082062454612,,,,unknown,https://securelb.imod=
futurism.beehiiv.com,1,1,0.03631082062454612,,,,unknown,https://futurism.beehiiv.com/p/futurism-080825-2a01e1f4ff1f003a
theaiinnovator.com,1,1,0.03631082062454612,,,,unknown,https://theaiinnovator.com/wisdom-isnt-coming-to-ai-and-thats-a=
www.bleepingcomputer.com,1,1,0.03631082062454612,,,,unknown,https://www.bleepingcomputer.com/news/artificial-intelligence/h=
magic=,1,1,0.03631082062454612,,,,unknown,https://magic=
ai-report.kdnuggets.com,1,1,0.03631082062454612,,,,unknown,https://ai-report.kdnuggets.com/p/rag-vs-mcp-vs-agents-explained
www.superhuman.ai%2Fc%2Fconfirmation%3Fmagiclink_subscription&ut=,1,1,0.03631082062454612,,,,unknown,https://www.superhuman.ai%2Fc%2Fconfirmation%3Fmagiclink_subscription&ut=
www.recurse.ml,1,1,0.03631082062454612,,,,unknown,https://www.recurse.ml/)
www.cnbc.com,1,1,0.03631082062454612,,,,unknown,https://www.cnbc.com/2025/08/10/ai-artificial-intelligence-bill=
www.superhuman.ai%2Fc%2Fconfirmatio=,1,1,0.03631082062454612,,,,unknown,https://www.superhuman.ai%2Fc%2Fconfirmatio=
invest.pacaso.com)~~.,1,1,0.03631082062454612,,,,unknown,https://invest.pacaso.com)~~.
www.ticketmaster.com,1,1,0.03631082062454612,,,,unknown,https://www.ticketmaster.com/event/0900612CD92F5EC6?did=3Dearly%3D0D
stripe.com)=C2=A0=C2=A0,1,1,0.03631082062454612,,,,unknown,https://stripe.com)=C2=A0=C2=A0
parcel.io,1,1,0.03631082062454612,,,,unknown,https://parcel.io/blog/preheader-spacing
resend.com),1,1,0.03631082062454612,,,,unknown,https://resend.com)
stripe-images.stripecdn.=,1,1,0.03631082062454612,,,,unknown,https://stripe-images.stripecdn.=
pay.stripe.com,1,1,0.03631082062454612,,,,unknown,https://pay.stripe.com/invoice/acct_1LV6EkJEBzQp=
