domain,url_count,quality_score,cultural_relevance_score,confidence,reasoning,sample_urls
humbledollar.com,114,-0.7,0.0,0.95,Suspicious domain with tracking/security concerns,https://humbledollar.com?endpoint=3Dtrack; https://humbledollar.com?endpoint=3Dtra%3D; https://humbledollar.com?endpoint=3Dtrack
section4.lt.acemlna.com,63,-0.7,0.0,0.95,Suspicious domain with tracking/security concerns,https://section4.lt.acemlna.com/Prod/link-tracker?redirectUrl=aHR0cHMlM0ElMkYlMkZ3d3cucHJvZmdhbGxvd2F5LmNvbSUyRnJvYmxveC1hbmQtdGhlLWRpc3BlcnNhbC1vZi1jcmVhdGl2aXR5JTNGdXRtX3NvdXJjZSUzRG5ld3NsZXR0ZXIlMjZ1dG1fbWVkaXVtJTNEZW1haWwlMjZ1dG1fY2FtcGFpZ24lM0ROTU5NMjAyMDEyMTE%3D&a=224126003&account=section4.activehosted.com&email=2mKAbO5sD%2FHMKnB28cyXw%2B%2FsXcAXxHIDWq7%2B9ws%2F4%2BA%3D&s=e59751a47306668d343733e63cd99b32&i=595A705A2A9949; https://section4.lt.acemlna.com/Prod/link-tracker?redirectUrl=aHR0cHMlM0ElMkYlMkZ3d3cuZmFjZWJvb2suY29tJTJGc2hhcmVyJTJGc2hhcmVyLnBocCUzRnUlM0RodHRwcyUyNTNBJTI1MkYlMjUyRnd3dy5wcm9mZ2FsbG93YXkuY29tJTI1MkZyb2Jsb3gtYW5kLXRoZS1kaXNwZXJzYWwtb2YtY3JlYXRpdml0eQ%3D%3D&a=224126003&account=section4.activehosted.com&email=2mKAbO5sD%2FHMKnB28cyXw%2B%2FsXcAXxHIDWq7%2B9ws%2F4%2BA%3D&s=e59751a47306668d343733e63cd99b32&i=595A705A2A9950; https://section4.lt.acemlna.com/Prod/link-tracker?redirectUrl=aHR0cHMlM0ElMkYlMkZ0d2l0dGVyLmNvbSUyRmludGVudCUyRnR3ZWV0JTNGdXJsJTNEaHR0cHMlMjUzQSUyNTJGJTI1MkZiaXQubHklMjUyRjNnQ0c4UXQlMjZ0ZXh0JTNETm8lMjUyME1lcmN5JTI1MjAlMjUyRiUyNTIwTm8lMjUyME1hbGljZSUyNTNBJTI1MjBSb2Jsb3glMkJhbmQlMkJ0aGUlMkJEaXNwZXJzYWwlMkJvZiUyQkNyZWF0aXZpdHk%3D&a=224126003&account=section4.activehosted.com&email=2mKAbO5sD%2FHMKnB28cyXw%2B%2FsXcAXxHIDWq7%2B9ws%2F4%2BA%3D&s=e59751a47306668d343733e63cd99b32&i=595A705A2A9951
mailchi.us3.list-manage.com,35,-0.7,0.0,0.95,Suspicious domain with tracking/security concerns,https://mailchi.us3.list-manage.com/track/click; https://mailchi.us3.list-manage.com/unsubscribe?u=3D%3D; https://mailchi.us3.list-manage.com/pro=
p6li1chk.r.us-east-1.awstrack.me,14,-0.7,0.0,0.95,Suspicious domain with tracking/security concerns,http://p6li1chk.r.us-east-1.awstrack.me/L0/http:%2F%2Fwww.=; https://p6li1chk.r.us-east-1.awstrack.me/I0/01000197c2a5b31b-910657f7-ad0e=; https://p6li1chk.r.us-east-1.awstrack.me/L0/=
mailtrack.io,13,-0.7,0.0,0.95,Suspicious domain with tracking/security concerns,https://mailtrack.io/trace/link/bb60e4a1899=; https://mailtrack.io/trace/link/548504166a3b2019e4346a1489404e80267fc6cd?url=https%3A%2F%2Fwww.loom.com%2Fshare%2F12e0c64602b14cee8dff8585e988557c&userId=6949073&signature=4a9f8d15260c699d; https://mailtrack.io/trace/link/67111f4a4e73c2adad302832a48a1bf557379b60?url=https%3A%2F%2Fcalendly.com%2Frapiddevelopers%2F30min&userId=6949073&signature=15c3b3ccd601e50d
schemas.microsoft.com,11,-0.7,0.0,0.95,Suspicious domain with tracking/security concerns,https://schemas.microsoft.com/office/2004/12/omml; https://schemas.microsoft.com/office/2004/12/omml; https://schemas.microsoft.com/office/2004/12/omml
uncrate.us1.list-manage.com,11,-0.7,0.0,0.95,Suspicious domain with tracking/security concerns,https://uncrate.us1.list-manage.com/track/click?u=3D125c5c5823%3D; https://uncrate.us1.list-manage.com/track/click?u=3D125c5c5823653b64%3D; https://uncrate.us1.list-manage.com/track/click?u=3D125c5c5823653b64c4aee9%3D
graphitefinancial.us19.list-manage.com,11,0.050000000000000044,0.0,0.35000000000000003,Low-value commercial/tracking content,https://graphitefinancial.us19.list-manage.com/about; https://graphitefinancial.us19.list-manage.com/unsubscribe=; https://graphitefinancial.us19.list-manage.com/track/c=
di209.infusionsoft.com,10,-0.7,0.0,0.95,Suspicious domain with tracking/security concerns,https://di209.infusionsoft.com/app/optOut/8/9ff10d715381fb46/13367323/8f0ac=; https://di209.infusionsoft.com/app/optOut/0/70=; https://di209.infusionsoft.com/app/optOut/8/9ff10d715381fb46/13392039/069b4=
is-hosted-email-api-prod.appspot.com,8,-0.7,0.0,0.95,Suspicious domain with tracking/security concerns,https://is-hosted-email-api-prod.appspot.com/api/v2/public/email/5997075330=; https://is-hosted-email-api-prod.appspot.com/api/v2/public/email/6136766407=; https://is-hosted-email-api-prod.appspot.com/api/v2/public/email/6038702956=
app.paykickstart.com,7,-0.7,0.0,0.95,Suspicious domain with tracking/security concerns,https://app.paykickstart.com/i=; https://app.paykickstart.com/images/emails/icons/email.jpg=; https://app.paykickstart.com/billing/portal/eyJpdiI6IldjNFRXe=
nextdraft.com,6,-0.7,0.0,0.95,Suspicious domain with tracking/security concerns,https://nextdraft.com/; https://nextdraft.com/; https://nextdraft.com/draft-some-new-nextdraft-readers/
saastr.us9.list-manage.com,5,-0.7,0.0,0.95,Suspicious domain with tracking/security concerns,http://saastr.us9.list-manage.com/profile?u=3D%3D; http://saastr.us9.list-manage.com/track/click?u=3Db25dcec6d763ccdc1dd23ef3%3D; http://saastr.us9.list-manage.com/track/click?u=3Db25dcec6d763ccdc1dd2%3D
saastr.us9.list-manage1.com,5,-0.7,0.0,0.95,Suspicious domain with tracking/security concerns,http://saastr.us9.list-manage1.com/tr=; http://saastr.us9.list-manage1.com/track/click?u=3Db25dcec6d763%3D; http://saastr.us9.list-manage1.com/track/click?u=3Db25dc%3D
www.mailchimp.com,4,-0.3,0.0,0.6,Suspicious domain with tracking/security concerns,http://www.mailchimp.com/email-referral/; https://www.mailchimp.com/email-referral/; http://www.mailchimp.com/email-referral/
is-tracking-pixel-api-prod.appspot.com,4,-0.5399999999999999,0.0,0.8399999999999999,Suspicious domain with tracking/security concerns,https://is-tracking-pixel-api-prod.appspot.com/api/v1/render/=; https://is-tracking-pixel-api-prod.appspot.com/api/v1/render/=; https://is-tracking-pixel-api-prod.appspot.com/api/v1/render/=
www.reddit.com,4,-0.7,0.0,0.95,Suspicious domain with tracking/security concerns,https://www.reddit.com/r/dataisbeautiful/=/; https://www.reddit.com/r/Entrepreneur/com=/; https://www.reddit.com/r/dataisbeauti=/
www.100kcampaign.com,4,-0.3,0.0,0.6,Suspicious domain with tracking/security concerns,https://www.100kcampaign.com/; https://www.100kcampaign.com/login; https://www.100kcampaign.com/store
bubblehelpers.us14.list-manage.com,4,-0.7,0.0,0.95,Suspicious domain with tracking/security concerns,https://bubblehelpers.us14.list-manage.com/about?u=3D%3D; https://bubblehelpers.us14.list-manage.com/u=; https://bubblehelpers.us14.list-manage.com/track/click?u=3D%3D
www.nerdwallet.com,3,-0.7,0.0,0.95,Suspicious domain with tracking/security concerns,https://www.nerdwallet.com; https://www.nerdwallet.com; https://www.nerdwallet.com
saastr.us9.list-manage2.com,3,-0.7,0.0,0.95,Suspicious domain with tracking/security concerns,http://saastr.us9.list-manage2.com/track/click?u=3Db25dcec6d763ccdc1dd23%3D; http://saastr.us9.list-manage2.com/track/click?u=3Db25dcec6d763ccdc1dd23ef%3D; http://saastr.us9.list-manage2.com/unsubscribe?u=3Db25d%3D
go.pilot.com,2,-0.7,0.0,0.95,Suspicious domain with tracking/security concerns,https://go.pilot.com/UnsubscribePage.html?mkt_unsubscribe=3D%3D; https://go.pilot.com/UnsubscribePage.html?mkt_unsubscribe=3D%3D
5minutebookkeeping.com,2,-0.5,0.0,0.8,Suspicious domain with tracking/security concerns,http://5minutebookkeeping.com/4-tricks-tracking-past-due-customers-increasi=; http://5minutebookkeeping.com/4-tricks-tr=
mandrillapp.com,2,-0.7,0.0,0.95,Suspicious domain with tracking/security concerns,https://mandrillapp.com/track/click/30773215/www.loom.com?p=eyJzIjoiUlZ1Y2VvVmphMTM4c2twdHFyaVU5bzgyWjRBIiwidiI6MSwicCI6IntcInVcIjozMDc3MzIxNSxcInZcIjoxLFwidXJsXCI6XCJodHRwczpcXFwvXFxcL3d3dy5sb29tLmNvbVxcXC9hY2NvdW50LXNldHRpbmdzI25vdGlmaWNhdGlvbnNcIixcImlkXCI6XCI5MDY0ZmQ0ZGE2YWM0NDY5OTkxMTlhMzliOGEzODE5OVwiLFwidXJsX2lkc1wiOltcImU3MmNlNDc1NTRiMTkwZjVhZDI5MmUyZjQ3MDgxOTA5OTJiZmUwOGRcIl19In0; https://mandrillapp.com/track/click/30773215/www.loom.com?p=eyJzIjoiQ0p3Z2Fqb2swNHNYcHlsUS0tektqMnRsYVpRIiwidiI6MSwicCI6IntcInVcIjozMDc3MzIxNSxcInZcIjoxLFwidXJsXCI6XCJodHRwczpcXFwvXFxcL3d3dy5sb29tLmNvbVxcXC9zaGFyZVxcXC8wZmQ2YTU0Y2U5ZDA0ZDU3YWYxN2UxNzZjODVhYzczND9zb3VyY2VfZW1haWw9bG9vbS12aWRlby1maXJzdC12aWV3LXVwZGF0ZWRcIixcImlkXCI6XCI5MDY0ZmQ0ZGE2YWM0NDY5OTkxMTlhMzliOGEzODE5OVwiLFwidXJsX2lkc1wiOltcIjhkMWUzYzVjNGQyOTM0OGJkMjIyMzcxMmExOWM5ZmFjY2M5OTU1NzRcIl19In0
cdn.mcauto-images-production.sendgrid.net,2,-0.3,0.0,0.6,Suspicious domain with tracking/security concerns,http://cdn.mcauto-images-production.sendgrid.net/97e=; http://cdn.mcauto-images-production.sendgrid.net/97e46bb=
ycharts.com,2,-0.3,0.0,0.6,Suspicious domain with tracking/security concerns,https://ycharts.com/store/start_trial_register; https://ycharts.com/s=
www.washingtonpost.com,2,0.050000000000000044,0.0,0.35000000000000003,Low-value commercial/tracking content,https://www.washingtonpost.com/dc-md-va/2=; https://www.washingtonpost.com/dc-md-va/2022/05/05/your-money-trouble-could-be-root=
paykickstart.com,1,-0.7,0.0,0.95,Suspicious domain with tracking/security concerns,https://paykickstart.com/
app.paykickstart.com=,1,-0.7,0.0,0.95,Suspicious domain with tracking/security concerns,https://app.paykickstart.com=
majorsperspective.blogspot.com,1,-0.09999999999999998,0.0,0.39999999999999997,Low-value commercial/tracking content,http://majorsperspective.blogspot.com/2009/07/taliban-code-of-conduct.html
cdn.shopify.com,1,-0.3,0.0,0.6,Suspicious domain with tracking/security concerns,https://cdn.shopify.com/s/files/1/0248/6216/pr=
go.pardot.com,1,-0.7,0.0,0.95,Suspicious domain with tracking/security concerns,https://go.pardot.com/unsubscribe/u/12322/9=
tx227.infusionsoft.app,1,-0.3,0.0,0.6,Suspicious domain with tracking/security concerns,https://tx227.infusionsoft.app/app/linkClick/6=?cookieUUID=f71760a2-b9fe-42f2-894f-970912b398a5
breakingthemarket.com,1,-0.7,0.0,0.95,Suspicious domain with tracking/security concerns,https://breakingthemarket.com/what-four-wise-investors-teach-=
econompicdata.blogspot.com,1,-0.09999999999999998,0.0,0.39999999999999997,Low-value commercial/tracking content,http://econompicdata.blogspot.com/2020/11/the-case-against=
lt3000.blogspot.com,1,-0.09999999999999998,0.0,0.39999999999999997,Low-value commercial/tracking content,https://lt3000.blogspot.com/2020/11/unravelling-valu=
nextdraft.com=,1,-0.7,0.0,0.95,Suspicious domain with tracking/security concerns,https://nextdraft.com=
cottonbureau.com,1,-0.3,0.0,0.6,Suspicious domain with tracking/security concerns,https://cottonbureau.com/stores/=
nextdraft.com),1,-0.7,0.0,0.95,Suspicious domain with tracking/security concerns,https://nextdraft.com)
mailtrack.io=,1,-0.7,0.0,0.95,Suspicious domain with tracking/security concerns,https://mailtrack.io=
www.hubspot.com,1,-0.7,0.0,0.95,Suspicious domain with tracking/security concerns,https://www.hubspot.com/email-signature-generator
therapackelawgroup.lt.acemlnb.com,1,-0.7,0.0,0.95,Suspicious domain with tracking/security concerns,https://therapackelawgroup.lt.acemlnb.com/Prod/link-tracker?redirectUrl=aHR0cHMlM0ElMkYlMkZ3d3cuZmFjZWJvb2suY29tJTJGcmFwYWNrZWxhd2dyb3VwJTJGJTNGdXRtX3NvdXJjZSUzREFjdGl2ZUNhbXBhaWduJTI2dXRtX21lZGl1bSUzRGVtYWlsJTI2dXRtX2NvbnRlbnQlM0QlMjVGMCUyNTlGJTI1OTMlMjU4OCUyQlBhdGVudHMlMkJmb3IlMkJGaW5UZWNoJTJCU29mdHdhcmUlMjZ1dG1fY2FtcGFpZ24lM0RQYXRlbnRzJTJCZm9yJTJCRmluVGVjaCUyQlNvZnR3YXJl&a=649239195&account=therapackelawgroup.activehosted.com&email=2mKAbO5sD%2FHMKnB28cyXw%2B%2FsXcAXxHIDWq7%2B9ws%2F4%2BA%3D&s=d2f60c417eecb32534391d80e39b8c09&i=201A605A12A1084
www.thecoolist.com,1,-0.7,0.0,0.95,Suspicious domain with tracking/security concerns,https://www.thecoolist.com/longest-bridge-in-the-world/
www.thetakeout.com:443,1,-0.7,0.0,0.95,Suspicious domain with tracking/security concerns,https://www.thetakeout.com:443/the-beer-myth-that-=/
lh7-rt.googleusercontent.com,1,-0.7,0.0,0.95,Suspicious domain with tracking/security concerns,https://lh7-rt.googleusercontent.com/docsz/AD_4nXe_LHUOYBdx0Kw=
