url,domain,domain_hint
https://nextcity.org/urbanist-news/housing,nextcity.org,housing
https://www.nahb.org/advocacy/top-priorities/building-materials-trade-policy/,www.nahb.org,housing
https://www.nahb.org/nahb-community/nahb-directories/,www.nahb.org,housing
https://www.nahb.org/nahb-community/member-benefits/savings/,www.nahb.org,housing
https://www.nahb.org/nahb-community/community-home/,www.nahb.org,housing
https://www.nahb.org/nahb-community/member-benefits/,www.nahb.org,housing
https://www.nahb.org/nahb-community/leadership-and-committees/,www.nahb.org,housing
https://www.nahb.org/nahb-community/councils/,www.nahb.org,housing
https://www.nahb.org/nahb-community/awards/,www.nahb.org,housing
https://www.freddiemac.com/governance/annualmtg/,www.freddiemac.com,housing
https://www.freddiemac.com/governance/board-committees/,www.freddiemac.com,housing
https://www.freddiemac.com/governance/board-directors/,www.freddiemac.com,housing
https://www.freddiemac.com/governance/code-conduct/,www.freddiemac.com,housing
https://www.freddiemac.com/investors/financials/,www.freddiemac.com,housing
https://www.freddiemac.com/investors/financials/annual-reports/,www.freddiemac.com,housing
https://www.freddiemac.com/investors/financials/earnings-releases/,www.freddiemac.com,housing
https://www.apartmentlist.com/ca/los-angeles/,www.apartmentlist.com,housing
https://www.apartmentlist.com/il/chicago/,www.apartmentlist.com,housing
https://www.apartmentlist.com/pa/philadelphia/,www.apartmentlist.com,housing
https://www.apartmentlist.com/tx/san-antonio/,www.apartmentlist.com,housing
https://www.apartmentlist.com/az/phoenix/,www.apartmentlist.com,housing
https://www.apartmentlist.com/ny/brooklyn/,www.apartmentlist.com,housing
https://www.apartmentlist.com/ca/san-diego/,www.apartmentlist.com,housing
https://www.essence.com/money/home-buying/,www.essence.com,housing
https://therealdeal.com/sector/residential/,therealdeal.com,housing
https://therealdeal.com/sector/commercial/,therealdeal.com,housing
https://therealdeal.com/sector/development/,therealdeal.com,housing
https://therealdeal.com/sector/politics/,therealdeal.com,housing
https://therealdeal.com/magazine/latest/,therealdeal.com,housing
https://therealdeal.com/video/playlist/PLyPHLrQofDtTmGhmB4EUC0_c9J1c1_DMa/,therealdeal.com,housing
https://www.nytimes.com/column/on-the-market/,www.nytimes.com,housing
https://www.nytimes.com/interactive/2022/10/31/realestate/affordable-housing-calculator.html/,www.nytimes.com,housing
https://www.nytimes.com/column/living-in/,www.nytimes.com,housing
https://www.nytimes.com/column/the-hunt/,www.nytimes.com,housing
https://www.nytimes.com/column/property-values/,www.nytimes.com,housing
https://www.nytimes.com/2026/06/12/realestate/foster-supply-hospitality-newburgh-hotel.html/,www.nytimes.com,housing
https://www.nytimes.com/2026/06/13/realestate/short-term-rental-hosting-airbnb.html/,www.nytimes.com,housing
https://www.nytimes.com/2026/06/12/realestate/montreal-quebec-canada-homes-for-sale.html/,www.nytimes.com,housing
https://www.apa.org/idem/Logout/,www.apa.org,mental_health_money
https://www.apa.org/monitor/2026/01-02/nine-trends-to-watch/,www.apa.org,mental_health_money
https://www.apa.org/pubs/books/,www.apa.org,mental_health_money
https://www.apa.org/pubs/magination/,www.apa.org,mental_health_money
https://www.apa.org/pubs/databases/,www.apa.org,mental_health_money
https://www.apa.org/pubs/digital-learning/,www.apa.org,mental_health_money
https://www.apa.org/pubs/journals/,www.apa.org,mental_health_money
https://www.apa.org/pubs/videos/,www.apa.org,mental_health_money
https://psychcentral.com/stress/financial-stress,psychcentral.com,mental_health_money
https://www.calm.com/blog/essentials/,www.calm.com,mental_health_money
https://www.psychologytoday.com/us/therapists/,www.psychologytoday.com,mental_health_money
https://www.psychologytoday.com/us/therapists//tx/austin/,www.psychologytoday.com,mental_health_money
https://www.psychologytoday.com/us/therapists//ny/brooklyn/,www.psychologytoday.com,mental_health_money
https://www.psychologytoday.com/us/therapists//il/chicago/,www.psychologytoday.com,mental_health_money
https://www.psychologytoday.com/us/therapists//co/denver/,www.psychologytoday.com,mental_health_money
https://www.psychologytoday.com/us/therapists//tx/houston/,www.psychologytoday.com,mental_health_money
https://www.psychologytoday.com/us/therapists//ca/los-angeles/,www.psychologytoday.com,mental_health_money
https://www.psychologytoday.com/us/therapists//ny/new-york/,www.psychologytoday.com,mental_health_money
https://www.vox.com/21523212/crossword-puzzles-free-daily-printable/,www.vox.com,mental_health_money
https://www.vox.com/videos/490730/how-the-war-in-iran-could-end-affordable-air-travel/,www.vox.com,mental_health_money
https://www.vox.com/the-highlight/489796/generosity-internet-cringe-optimism/,www.vox.com,mental_health_money
https://www.vox.com/the-logoff-newsletter-trump/490543/trump-anti-weaponization-slush-fund-doj-settlement/,www.vox.com,mental_health_money
